id,source,area,number,text,option1,option2,option3,option4,correct,rationale
e1-q1,exam1,area3,1,Which of the following types of soil have the best bearing capacity?,Clay,Sandy,Gravel,Silty,3,"Gravel has the highest bearing capacity, followed by sandy soil, clay, and lastly silty soil[cite: 2]."
e1-q2,exam1,area2,2,What is the purpose of the Environmental Protection Agency's National Priorities List (NPL)?,Identifies hazardous sites that need to be cleaned up through the Superfund program,Identifies endangered species that need to be protected by the federal Endangered Species Act,"Identifies pesticides that need to be registered under the Federal Insecticide, Fungicide and Rodenticide Act (FIFRA)",Identifies business operations that emit large quantities of greenhouse gas that is regulated by the Climate Action Plan,1,The National Priorities List (NPL) identifies priority hazardous waste sites for cleanup under the Federal Superfund program[cite: 2].
e1-q3,exam1,area2,3,Which of the following is NOT one of six principal pollutants identified by EPA in its National Air Quality Standards?,Carbon Dioxide,Nitrogen Dioxide,Sulfur Dioxide,Lead,1,"The 6 criteria pollutants under NAAQS are Carbon Monoxide, Lead, Nitrogen Dioxide, Ozone, Particle Pollution (PM), and Sulfur Dioxide[cite: 2]. Carbon Dioxide is not one of the six[cite: 2]."
e1-q4,exam1,area1,4,"What effects do user characteristics have on architectural programming?
A. Favoring some adjacencies over others
B. Altering circulation patterns
C. Affecting the size of program spaces
D. Creating a need for additional program spaces based on needs of culture, age, disability, etc.","A, B and C","A, C and D","B, C and D",All of the above,4,"User characteristics such as age, accessibility needs, and group dynamics affect all spatial adjacencies, sizing, and circulation requirements[cite: 2]."
e1-q5,exam1,area3,5,Identify the version of the LEED rating system launched in November 2013:,LEED 2009,LEED 2013,LEED v3,LEED v4,4,LEED v4 was introduced in November 2013 at Greenbuild[cite: 2].
e1-q6,exam1,area1,6,Which of the following is an effective method you would use to solicit stakeholder input?,Schedule a scoping meeting with the agency having jurisdiction,Hold design charrettes and invite stakeholders to participate,Organize social gathering and invite stakeholders to participate,Publish article in local newspapers describing positive aspects of your project,2,Design charrettes are active collaborative workshops specifically designed to elicit community and stakeholder input[cite: 2].
e1-q7,exam1,area1,7,Other than using a 'Bubble Diagram' what is another tool for analyzing spatial relationships?,Adjacency Matrix,Relationship Map,Adjacency Chart,Relationship Diagram,1,An Adjacency Matrix is the standard architectural tool used alongside bubble diagrams to evaluate relationships[cite: 2].
e1-q8,exam1,area1,8,Which of the following is a factor that should typically be considered when estimating the initial project cost of a project during programming phase?,Cost of finish materials,Cost of utilities and infrastructure,Labor cost relative to the geographic location of the project,Escalation,4,"Escalation accounts for inflation across the multi-year duration of design and construction, making it critical even at the programming stage[cite: 2]."
e1-q9,exam1,area2,9,Which of the following are projects exempt from the provisions of the California Environmental Quality Act (CEQA)?,"In an urbanized area, a construction project with a scope of four single-family units",A garage,A repair to a public service building required for maintaining service,A maintenance project of 2 miles within a public street,2,"Per CEQA categorical exemptions (Class 3), accessory structures like garages are exempt[cite: 2]. Note: urban single-family exemptions cover up to 3 units, maintenance in streets covers up to 1 mile, and only emergency repairs are exempt[cite: 2]."
e1-q10,exam1,area3,10,Which of the following is the correct qualification of inspectors for Essential Services Buildings?,Meet the qualification for inspectors as specified by the California Division of State Architect,Meet the qualification for inspectors in the California Building Code,Certified by the International Conference of Building Officials,Certified by the State of California,3,Inspectors must be certified by ICBO / ICC according to the Essential Services Buildings Seismic Safety Act[cite: 2].
e1-q11,exam1,area3,11,"Besides the structural system what other components of an essential services building are regulated by the Essential Services Building Seismic Safety Act?
A. Communication System
B. Main Transformer
C. Switch Gear
D. Intercom system
E. Emergency backup system","A, B and C","A, B, C and E","B, C, D and E",All of the above,2,"The Act protects vital operational systems (communication with field emergency units, power transformers, switch gear, emergency backup)[cite: 2]. An internal intercom (D) is not regulated under the Act[cite: 2]."
e1-q12,exam1,area3,12,"Other than the California Green Building Standards Code, what other code or regulation also have provisions concerning sustainability?",California Water Code,California Historical Building Code,California Clean Air Act,Field Act,2,The California Historical Building Code (CHBC) expressly includes sustainability principles in its intent section to facilitate reuse and conservation[cite: 2].
e1-q13,exam1,area3,13,"Per the structural provisions of the California Building Code, which of the following is a load bearing wall?",A wood stud wall that supports more than 50 lbs per lineal foot,A metal stud wall that supports more than 80 lbs per lineal foot,A CMU wall that supports more than 100 lbs per lineal foot,A reinforced concrete wall that supports more than 200 lbs per lineal foot,4,A load-bearing wall supports more than 200 lbs per lineal foot of superimposed vertical load[cite: 2].
e1-q14,exam1,area3,14,The California Building Code specifies that non-load bearing partitions are to be isolated from the structural system by which of the following?,Compression struts,Slip tracks,Deflection isolators,Flex clips,2,Slip tracks accommodate structural floor/roof deflection without imposing vertical loads onto interior partitions[cite: 2].
e1-q15,exam1,area4,15,Provisions for which of the following building functions or building components are included in Chapter 11B of the California Building Code?,Mechanical Access Parking Garage,Teletypewriter (TTY),Electric Vehicle Charging Station (EVCS),Destination-oriented Elevator,3,Section 11B-228 of the CBC contains extensive California-specific standards for Electric Vehicle Charging Stations (EVCS)[cite: 2].
e1-q16,exam1,area4,16,"According to the California Building Code when you have two exit stairs required to be separated by at least half the floor diagonal, how is this distance measured?",From the center point of the doorway of the stair enclosure to the center point of the doorway of the other stair enclosure,From any point along the doorway of the stair enclosure to any point along the doorway of the other stair enclosure,From the center point of the first riser of the exit access stairway to the center point of the first riser of the other exit access stairway,The distance between the closest risers of the exit access stairways,4,"For exit access stairways, measurement is taken between the closest risers of the respective stairs[cite: 2]."
e1-q17,exam1,area4,17,A third exit stair is required for which of the following?,A high-rise building with occupied floors above the height of 120 ft.,A high-rise building with occupied floors above the height of 240 ft.,A high-rise building with occupied floors above the height of 420 ft.,A high-rise building with occupied floors above the height of 600 ft.,3,CBC Section 403 requires buildings with occupied floors greater than 420 feet in height to provide an additional exit stairway[cite: 2].
e1-q18,exam1,area3,18,Which of the following is NOT regulated by the California Energy Code (Title 24 Part 6)?,Indoor lighting systems,Outdoor lighting systems,Signs located either indoors or outdoors,"None of the above, they are all regulated",4,"All three categories (indoor lighting, outdoor lighting, and signs) are strictly regulated under the California Energy Code[cite: 2]."
e1-q19,exam1,area4,19,"According to the Retail Food Code, floor drains are required in food facilities with which of the following conditions?",In areas where the floors are water-flushed for cleaning,In areas with ceramic tile floors,In lieu of a grease trap,In areas where the floor surfaces are less than 1:50 in slope,1,Floor drains are required in food preparation facilities where floors are cleaned by water-flushing[cite: 2].
e1-q20,exam1,area5,20,"Which of the following are required to file a Preliminary 20-Day Notice in order to preserve their right to record a Mechanic's Lien?
A. Prime Contractor
B. Sub-Contractor
C. Material Supplier
D. Architect (Direct Contract)",A and B,B and C,"A, B and C",All of the above,2,Claimants without direct contractual relationships to the owner (subcontractors and material suppliers) must serve a Preliminary 20-Day Notice[cite: 2].
e1-q21,exam1,area3,21,Which of the following are required by the California Hospital Facilities Seismic Safety Act to meet seismic standards?,All new acute care in-patient hospitals,All acute care in-patient hospitals (new and existing),All acute care in-patient hospitals constructed prior to 1994,All acute care in-patient hospitals more than 2 stories and other than type V construction,2,"The Alfred E. Alquist Hospital Facilities Seismic Safety Act applies to all acute care in-patient hospitals, requiring both new and existing structures to comply[cite: 2]."
e1-q22,exam1,area2,22,The Field Act applies to which of the following?,All public schools except charter schools,All public schools,All public schools and community colleges,"All public schools, community colleges, University of California and California State University buildings",3,The Field Act covers public elementary and secondary schools (K-12) and community colleges under DSA jurisdiction[cite: 2]. (UC/CSU are not subject to the Field Act)[cite: 2].
e1-q23,exam1,area1,23,"The Architects Practice Act requires licensees to report to the California Architects Board any civil action judgments, settlements, or arbitration awards of which amount?","$1,000 or greater","$2,000 or greater","$5,000 or greater","$10,000 or greater",3,"B&P Code § 5588 requires reporting settlements or judgments of $5,000 or greater within 30 days[cite: 2]."
e1-q24,exam1,area1,24,Which of the following is a condition where the Architect is NOT required to have a written contract with the Client?,The Architect is designing a townhouse in a development he had designed an identical townhouse for the mother of his client,The Architect is designing a post office for the US Postal Service which he had designed a similar post office for elsewhere,The Architect is designing a fast food restaurant for a national chain which he had designed a storage facility for previously,The Architect is designing a chain retail store in a mall for a national chain which he had designed an identical store for previously,4,B&P Code § 5536.22 exempts architectural services of the same general kind which the architect has previously rendered to and received payment from the same client[cite: 2].
e1-q25,exam1,area1,25,"According to the Architects Practice Act, which of the following actions by an unlicensed individual qualifies as practicing architecture without a license?",Use a stamp that bears the legend 'Building Designer',Make claim on a resume of having many years of architectural experience,Tell a friend that he/she is an architect,Distribute business cards that bear the title 'Architectural Designer',1,Using professional-style stamps or holding out as an architect/building designer in commercial practice is prohibited[cite: 2].
e1-q26,exam1,area1,26,Which of the following represents the exempt residential project under the California Architects Practice Act?,"Multiple dwellings with no more than 4 dwelling units of wood frame construction, not more than 2 stories and a basement in height","Multiple dwellings with no more than 3 dwelling units of wood frame construction, not more than 2 stories and a basement in height","Multiple dwellings with no more than 4 dwelling units of wood frame construction, not more than 3 stories and a basement in height","Multiple dwellings with no more than 3 dwelling units of wood frame construction, not more than 3 stories and a basement in height",1,"B&P Code § 5537 exempts multi-family dwellings of no more than 4 units of wood frame construction, not more than 2 stories and basement[cite: 2]."
e1-q27,exam1,area1,27,Which of the following is NOT a rule of professional conduct in the California Code of Regulations Title 16?,"An architect shall only accept work that he/she is qualified to perform by education, training, and experience",An architect shall exercise responsible control when practicing architecture,"In designing a project, an architect shall have knowledge of all applicable building laws, codes, and regulations","Whenever the Board is conducting an investigation, an architect is required to respond within 30 days",2,"The standard of care rule states an architect shall exercise reasonable skill and care[cite: 2]. 'Responsible control' is a statutory definition for sealing documents, not phrased as this conduct rule[cite: 2]."
e1-q28,exam1,area1,28,Which of the following acts governs professional corporations in California?,Brown Reagan Professional Corporation Act,Deukmejian Wilson Professional Corporation Act,Davis Schwarzenegger Professional Corporation Act,Moscone Knox Professional Corporation Act,4,The Moscone-Knox Professional Corporation Act (CA Corp Code § 13400) governs professional corporations[cite: 2].
e1-q29,exam1,area2,29,Variances are typically granted for properties to allow for which of the following?,"Special uses not enjoyed by nearby, similarly zoned land",The sub-division of a property,The development of a property beyond the strict physical requirements of zoning regulations,Relaxation of design guidelines that supplements zoning control,3,"A variance allows waiver of physical development standards (setbacks, height, FAR) due to site hardship, but NEVER allows a use variance in California[cite: 2]."
e1-q30,exam1,area4,30,Which of the following is true of the accessibility provisions of the California Building Code and the ADA Standards?,The 2 documents are exactly the same,The 2 documents are different because the state amended provisions to make many requirements more stringent,The 2 documents are different because the state excluded housing,The state never adopted ADA guidelines,2,"Meeting CBC Chapter 11B satisfies ADA, but meeting federal ADA alone does not ensure California compliance, as CBC contains more stringent requirements[cite: 2]."
e1-q31,exam1,area2,31,Which of the following is the document issued by the FAA in response to proposed developments adjacent to airport facilities?,Aviation Advisory Circular,Letter of Permission,Non-Obstruction Permit,Airspace Determination,1,Advisory Circulars and official determinations address obstructions to navigable airspace[cite: 2].
e1-q32,exam1,area2,32,Which of the following is the environmental study document required per the National Environmental Policy Act (NEPA)?,Environmental Impact Study,Environmental Impact Statement (EIS),Environmental Impact Survey,Environmental Impact Summary,2,"Under federal NEPA, an Environmental Impact Statement (EIS) is prepared (as opposed to an EIR under California CEQA)[cite: 2]."
e1-q33,exam1,area3,33,Which of the following is an organization that develops consensus standards for construction materials and systems?,Underwriters Laboratories (UL),Factory Mutual (FM),American Society for Testing and Materials (ASTM),Warnock Hersey (WH),3,ASTM develops material and test standards; UL and Warnock Hersey are primarily testing and certifying laboratories[cite: 2].
e1-q34,exam1,area3,34,AISC 360 is a national design standard for which of the following?,Wood,Concrete,Masonry,Steel,4,AISC is the American Institute of Steel Construction[cite: 2].
e1-q35,exam1,area2,35,Which local agency is designated as a California Certified Unified Program Agency (CUPA)?,Local Building Department,Local Fire Department,Local Public Works Department,Local Environmental Health Department,2,Local Fire Departments (or Environmental Health Departments in some counties) serve as the CUPA for hazardous materials programs[cite: 2].
e1-q36,exam1,area2,36,Which of the following is NOT a responsibility of Regional Water Quality Control Boards (RWQCB)?,Certifies operators of wastewater treatment facilities,Prescribe Waste Discharge Requirements (WDRs) for each discharge of waste,Cleanup unauthorized discharges into groundwater under Site Clean-Up Program,Implement BMPs to control pollutants in stormwater,1,"Operator certification is handled at the State Water Resources Control Board level, not the Regional Boards[cite: 2]."
e1-q37,exam1,area2,37,"In addition to the San Francisco Bay Conservation and Development Commission, which of the following regions has a regional planning authority?",Death Valley,Yosemite,Lake Tahoe Basin,Big Sur,3,The Tahoe Regional Planning Agency (TRPA) is a bi-state regional environmental planning authority[cite: 2].
e1-q38,exam1,area2,38,The Water Resources Control Board protects water quality by administering programs for which of the following?,"Toxic Cleanup, Waste Disposal, and Storm Water","Toxic Cleanup, Waste Disposal, and Recycling","Toxic Cleanup, Storm Water, and Recycling",All of the above,4,"The SWRCB regulates toxic cleanup, waste disposal, stormwater permits, and water recycling[cite: 2]."
e1-q39,exam1,area2,39,Which federal agency is NOT under the jurisdiction of the GSA and permits its own building construction projects?,Environmental Protection Agency,Department of Housing and Urban Development,Federal Courts System,Veterans Affairs Administration,4,"The VA has independent statutory authority to design, permit, and construct its own facilities[cite: 2]."
e1-q40,exam1,area2,40,A Standard Permit issued by the U.S. Army Corps of Engineers is for which of the following?,Projects approved on an accelerated timeline,Projects with more than minimal individual or cumulative impact on aquatic resources,Projects with minimal impact on aquatic resources,Projects with no impact on aquatic resources,2,Standard Individual Permits are required for projects that cause more than minimal impacts on waters of the US (as opposed to Nationwide / General Permits)[cite: 2].
e1-q41,exam1,area2,41,"During the CEQA process, how is the Lead Agency determined when multiple public agencies are involved?","Typically, the agency that provides utility services","Typically, the agency with a single regulatory purpose","Typically, the agency with general governmental powers such as a city or a county",The Owner selects the lead agency,3,"Under CEQA Guidelines § 15051, the agency with broader governmental powers (such as a city or county) acts as the Lead Agency[cite: 2]."
e1-q42,exam1,area2,42,Which agency is responsible for providing CEQA implementation guidelines and operating the State Clearinghouse?,California State Clearing Board,Environmental Review Coordination Board,California Unified Program Agency,Governor's Office of Planning and Research (OPR),4,OPR develops CEQA guidelines and operates the State Clearinghouse for state-level environmental review[cite: 2].
e1-q43,exam1,area2,43,Typically what happens when there are conflicting requirements between different applicable codes and regulations?,The more restrictive applies,The agency having jurisdiction will decide,Architect can choose,The less restrictive applies,1,"Standard code hierarchy principles state that where conflicts occur, the most restrictive requirement governs[cite: 2]."
e1-q44,exam1,area3,44,Which of the following is a responsibility of the civil engineer during Schematic Design?,Prepare boundary surveys,Prepare preliminary parking layouts,Prepare preliminary irrigation plans,Prepare stormwater pollution prevention plans,4,Civil engineers develop preliminary stormwater drainage and SWPPP strategies; boundary surveys are provided by the Owner's surveyor[cite: 2].
e1-q45,exam1,area2,45,Which of the following consultants typically produces drawings for municipal planning review?,Landscape Architect,Acoustical Engineer,Structural Engineer,Lighting Designer,1,"Landscape architects prepare site landscape and planting schemes, which are standard submittals for Planning / Design Review Boards[cite: 2]."
e1-q46,exam1,area1,46,"The Owner has provided you with the scope, budget, and schedule. What additional item do you need to begin Schematic Design?",Geotechnical engineer report,"Tests, inspections, and reports required by law",Site survey,Information in regards to lien rights,3,A verified site boundary and topographic survey is necessary to orient and configure the building footprint during SD[cite: 2].
e1-q47,exam1,area2,47,What does your local planning department do after a date has been set for your presentation to the Planning Commission?,Issue a Notice of Preparation,Notify owners and residents within a specified radius of the project site so they can comment,Notify all responsible agencies to solicit comments,Submit your project to the state OPR,2,Public hearing notices are mailed to surrounding property owners and occupants (typically within a 300 to 500-foot radius)[cite: 2].
e1-q48,exam1,area2,48,Typically when is a project submitted to the planning department for design and environmental review?,Schematic Design Phase,Design Development Phase,Construction Document Phase,Bid and Negotiation Phase,1,Planning entitlements and environmental reviews are best submitted during Schematic Design before spending substantial fees detailing in DD or CD[cite: 2].
e1-q49,exam1,area3,49,Which of the following milestones are recommended times to exchange progress sets with consultants for interdisciplinary coordination?,"90% SD, 50% DD, 90% DD, 50% CD and 90% CD","50% DD, 90% DD, 50% CD, 75% CD and 90% CD","50% DD, 90% DD, 50% CD and 90% CD","90% DD, 50% CD and 90% CD",3,"50% DD, 90% DD, 50% CD, and 90% CD provide balanced coordination gates across design development and construction documents[cite: 2]."
e1-q50,exam1,area1,50,"Which of the following are methods that architectural firms typically use in their quality control process?
A. The use of Project Checklists
B. The use of updated Standard Details
C. The use of Masterspec",A,B,A and B,All of the above,3,Checklists and office standard details are internal QC systems[cite: 2]. Masterspec is simply a third-party starting master; it does not in itself constitute firm QA/QC[cite: 2].
e1-q51,exam1,area1,51,Which of the following is the best thing that an Architect can do to address the issue of Standard of Care with the client?,Explain that the architect cannot be expected to do a perfect job,Include a contractual definition of standard of care,Have the client include contingencies in his/her budget,Obtain Professional Liability Insurance,3,Educating the client to maintain realistic design/construction contingencies aligns expectations with the legal reality that perfection is not required[cite: 2].
e1-q52,exam1,area3,52,Your client wants significant amounts of glazing for a panoramic view house. What structural framing system is most appropriate?,Steel Frame,Timber Frame (Heavy Timber),Platform Frame,Balloon Frame,2,Heavy timber/post-and-beam allows wide spans and large unobstructed glazed openings without the prohibitive cost of structural steel[cite: 2].
e1-q53,exam1,area4,53,"According to CALGreen (Title 24 Part 11), what document is required to be submitted for permit?",Construction Debris Recycle Program,Energy Management Plan,Water Consumption Program,Construction Waste Management Plan,4,CALGreen requires a Construction Waste Management Plan documenting diversion of at least 65% of nonhazardous C&D waste[cite: 2].
e1-q54,exam1,area4,54,"According to CBC Chapter 17, what is required to be submitted to the building official for permit application?",Reports of Structural Integrity,Statement of Special Inspections prepared by the registered design professional,Structural Calculations only,Soils reports only,2,Chapter 17 requires the design professional in responsible charge to prepare and submit a Statement of Special Inspections[cite: 2].
e1-q55,exam1,area3,55,A 'trapeze' hanger system is typically used to support and seismic-brace which of the following?,Piping and conduits,Suspended lighting fixtures,Tall bookcases,Photovoltaics on rooftops,1,"Trapeze hangers (unistrut with threaded rods) support horizontal conduits, ducts, and pipe runs[cite: 2]."
e1-q56,exam1,area3,56,Which lateral force-resisting system resists shear forces primarily through axial tension and compression?,Braced Frame,Moment Frame,Space Frame,Waffle Slab,1,Braced frames resist lateral loads through axial tension and compression in diagonal members[cite: 2].
e1-q57,exam1,area3,57,"Which of the following are recognized categories of automated building energy management controls?
A. Energy Optimization Systems
B. Time-of-day Scheduling Systems
C. Temperature/Time Optimization Systems
D. Demand Control Systems","A, B and C","A, B and D","A, C and D","B, C and D",4,"Time scheduling, setback optimization, and demand control ventilation/load shedding are standard energy management techniques[cite: 2]."
e1-q58,exam1,area3,58,"According to passive thermal zoning principles, internal heat-generating 'hot zones' (such as commercial kitchens) should ideally be located along which exposure?",North,East,South,West,1,Placing internal heat-generating spaces on the north (cool) side reduces overall cooling loads by avoiding additional solar heat gain[cite: 2].
e1-q59,exam1,area4,59,"Under CSI MasterFormat, in which division are clock and program systems specified?",10 00 00 - Specialties,11 00 00 - Equipment,12 00 00 - Furnishings,13 00 00 - Special Construction,1,Clock systems and signages fall under Division 10 (Specialties)[cite: 2].
e1-q60,exam1,area5,60,"Cost estimates show a project on budget, but the Owner has strict funding and insists on a guarantee that contractor bids will not exceed budget. What should you do?",Agree to guarantee only for an additional fee,Tell the Owner to carry contingencies through bidding,"Explain that architects cannot guarantee bids, and help identify additive/deductive bid alternates",Lower unit cost estimates,3,Architects cannot guarantee bids because they do not control contractor market pricing[cite: 2]. Incorporating bid alternates gives the owner budget flexibility[cite: 2].
e1-q61,exam1,area5,61,Public works projects in California are required to be advertised for bids in newspapers/trade publications in which manner?,Twice a week for at least 1 week,Once a week for at least 2 weeks,Twice a week for at least 2 weeks,Once a week for at least 3 weeks,2,California Public Contract Code requires notice inviting bids published once a week for at least two consecutive weeks[cite: 2].
e1-q62,exam1,area5,62,"Which of the following must the Owner furnish to the Contractor under AIA A201?
A. Financial information regarding lien rights
B. Legal description and site survey
C. Special inspection and testing services",A and B,B and C,"A, B and C","A, B and D",3,"Under A201 and California codes, the Owner provides site surveys, financial evidence, and directly contracts independent testing/special inspection agencies[cite: 2]."
e1-q63,exam1,area5,63,Which of the following architectural actions constitutes an official interpretation of the Contract Documents?,Responding to Requests for Information (RFIs),Issuing Architect's Supplemental Instructions (ASIs),Issuing Work Change Proposal Requests,All of the above,1,"Responding to an RFI interprets the existing drawings/specifications[cite: 2]. ASIs order minor changes, and proposal requests initiate potential changes[cite: 2]."
e1-q64,exam1,area1,64,Which of the following is true regarding mediation versus arbitration?,Mediation is non-binding,Arbitration is non-binding,Both are non-binding,Both are binding,1,"Mediation is a non-binding facilitated negotiation[cite: 2]. Arbitration results in a final, legally binding award[cite: 2]."
e1-q65,exam1,area5,65,Under what circumstance will an Architect issue an Architect's Supplemental Instruction (ASI)?,To order a minor change in the work not involving adjustment in Contract Sum or Contract Time,To provide the Contractor with instructions on means and methods,To supplement information after a Construction Change Directive has been issued,To supersede local code approvals,1,AIA Document G710 (ASI) is used to direct minor changes in the work that do not alter contract sum or time[cite: 2].
e1-q66,exam1,area5,66,"If the Architect discovers evidence that the work cannot be completed for the unpaid contract balance, per AIA A201 the Architect has the right to do what?",Recommend that Owner terminate Contract immediately,Suggest Owner hire another contractor to complete work,Nullify or withhold the whole or part of a Certificate for Payment,File an immediate mechanic's lien on behalf of the owner,3,A201 § 9.5 allows the architect to withhold or nullify a Certificate for Payment to protect the owner from loss[cite: 2].
e1-q67,exam1,area5,67,What is the Contractor's responsibility regarding special inspections during construction?,Submit statement of special inspection to the building official,Employ and pay special inspectors directly,File weekly inspector reports to DSA,Provide access and keep records of all special inspections on the job site,4,"The owner contracts the special inspector, while the contractor coordinates access and keeps copies of records on site[cite: 2]."
e1-q68,exam1,area4,68,"When conducting an inspection for a Certificate of Occupancy, which of the following is NOT an inspection item for the Fire Marshal?",Fire rated doors and hardware,Posted occupancy load signage,Lighting occupancy sensors,Fire alarms and strobes,3,"Lighting occupancy sensors are an Energy Code (Title 24 Part 6) / electrical inspection item, not life-safety within the Fire Marshal's scope[cite: 2]."
e1-q69,exam1,area5,69,Which of the following does NOT happen at Substantial Completion?,"Owner assumes responsibility for security, utilities, and insurance",Contractor submits Consent of Surety for final payment,Notice of Completion can be recorded by the Owner,Warranties and punch lists commence,2,"Consent of Surety (AIA G707) is submitted at Final Payment / Final Completion, not at Substantial Completion[cite: 2]."
e1-q70,exam1,area5,70,What is the California Statute of Limitations for bringing legal action against design professionals for patent (visible/apparent) construction defects?,4 years,8 years,10 years,No statute of limitations,1,California Code of Civil Procedure § 337.1 establishes a 4-year statute of limitations for patent defects (latent defects have a 10-year limit under § 337.15)[cite: 2].
e2-q1,exam2,area3,1,The term 'Zone of Intermittent Saturation' refers to which of the following?,The watershed of a seasonal stream or creek,The part of a wetland area that serves as storage for storm water runoff,The subsurface area between the level of summer and winter water table,The subsurface area from grade level to the water table,3,The zone of intermittent saturation is the subsurface soil layer between the lowest seasonal water table (dry/summer) and highest water table (wet/winter)[cite: 1].
e2-q2,exam2,area3,2,What is soil liquefaction?,The mixing of saturated cohesionless sand or soil that loses shear strength during earthquake ground shaking,The loosening of top soil during heavy rain,The erosion of bedrock due to capillary action of subsurface drainage,The contamination of underground aquifers by hazardous materials,1,"Liquefaction occurs when loose, saturated granular soils lose strength and stiffness due to increased pore water pressure during seismic shaking[cite: 1]."
e2-q3,exam2,area3,3,Which of the following is a naturally occurring radioactive indoor air pollutant?,Lead,Formaldehyde,Radon,Asbestos,3,"Radon is an odorless, naturally occurring radioactive gas produced by the radioactive decay of uranium in soil and rock[cite: 1]."
e2-q4,exam2,area1,4,Which of the following is an effective method to ensure ongoing user involvement in an architectural project?,Form a steering committee with representatives from key user groups,Keep users informed by giving presentations at every project milestone,Conduct one-time user surveys,Organize social gatherings and invite users,1,"Forming a steering committee with representatives from key user groups provides active, continuous participation in decision-making[cite: 1]."
e2-q5,exam2,area1,5,"Which of the following are recognized methods an architect can use to uncover stakeholder expectations?
A. Charrettes
B. Focus Groups
C. Opinion surveys
D. Direct Observations","A, B and C","A, C and D","B, C and D",All of the above,4,"Different stakeholder groups respond to different discovery methods; charrettes, focus groups, surveys, and site observations are all effective[cite: 1]."
e2-q6,exam2,area3,6,Which of the following is NOT a recognized LEED professional credential awarded by GBCI?,LEED Green Associate,LEED Authorized Professional,LEED Commissioning Engineer,LEED Fellow,3,"LEED Commissioning Engineer is not a GBCI credential[cite: 1]. Recognized credentials are LEED GA, LEED AP (with specialty), and LEED Fellow[cite: 1]."
e2-q7,exam2,area1,7,"In addition to adjacency, what other spatial relationships can typically be shown in Bubble Diagrams?
A. Circulation connections between spaces
B. Spaces that require acoustic privacy
C. Spaces that require future flexibility
D. Spaces that require physical separation with intervening buffers","A, B and C","A, B and D","B, C and D",All of the above,2,"Circulation paths, acoustic separation, and physical barriers can be drawn graphically[cite: 1]. Flexibility is programmatic and difficult to represent in a bubble diagram[cite: 1]."
e2-q8,exam2,area1,8,"When putting together a feasibility study for a retail shopping mall, which of the following is the most critical factor that determines economic viability?",Zoning regulations,Construction cost,Infrastructure,Demographics,4,"For commercial retail projects, surrounding demographics and buying power dictate whether sufficient customer volume exists to support the center[cite: 1]."
e2-q9,exam2,area2,9,Identify the correct sequential workflow of CEQA environmental documentation:,Initial Study -> Notice of Determination -> Notice of Exemption -> Negative Declaration,Notice of Exemption (if applicable) -> Initial Study -> Negative Declaration -> Notice of Determination,Notice of Determination -> Initial Study -> Negative Declaration -> Notice of Exemption,Initial Study -> Notice of Exemption -> Notice of Determination -> Negative Declaration,2,"The lead agency first determines if an exemption applies (NOE)[cite: 1]. If not exempt, it conducts an Initial Study; if no significant impacts, it drafts a Neg Dec, and finally files a Notice of Determination (NOD)[cite: 1]."
e2-q10,exam2,area3,10,Which of the following is classified as an Essential Services Building under California law?,A California Highway Patrol Station,A general acute hospital,A public high school,A regional office of FEMA,1,"Under the Essential Services Buildings Seismic Safety Act, CHP stations, fire stations, police stations, and emergency operations centers are included[cite: 1]. (Hospitals are governed by OSHPD/HCAI; FEMA is federal)[cite: 1]."
e2-q11,exam2,area4,11,"According to the California Building Code, what is the minimum floor area requirement for an Efficiency Dwelling Unit?",220 sq. ft.,240 sq. ft.,300 sq. ft.,320 sq. ft.,1,CBC Section 1208 requires efficiency dwelling units to have a living room of not less than 220 sq. ft.[cite: 1] (or 150 sq. ft. in specific jurisdictions adopting local micro-unit amendments).
e2-q12,exam2,area4,12,"According to the California Building Code, what is the minimum size requirement for a Fire Service Access Elevator (FSAE) lobby?",120 sq. ft. in size and 8 ft. minimum each side,120 sq. ft. in size and 10 ft. minimum each side,150 sq. ft. in size and 8 ft. minimum dimension,150 sq. ft. in size and 10 ft. minimum dimension,3,CBC Section 3007 specifies the FSAE lobby must be not less than 150 sq. ft. with a minimum dimension of 8 feet[cite: 1].
e2-q13,exam2,area3,13,"As per the structural requirements of the California Building Code, Risk Category (Occupancy Category) IV includes which structures?",Buildings and structures designated as essential facilities,Buildings that represent a substantial hazard to human life in event of failure,Buildings that represent a moderate hazard to human life,Buildings that represent a low hazard to human life,1,"Category IV structures are designated essential facilities (police, fire, emergency communications, designated disaster shelters)[cite: 1]."
e2-q14,exam2,area4,14,"According to CBC Chapter 11B, in a multi-compartment restroom, an additional 36-inch wide ambulatory accessible stall is required under which condition?",For every 8 water closets,For every 8 fixtures including combinations of urinals and water closets,For every 6 water closets,Where 6 or more water closets and urinals are provided in the room,4,CBC 11B-213.3.1 requires an ambulatory accessible compartment when six or more water closets and urinals combined are installed[cite: 1].
e2-q15,exam2,area4,15,What is the ratio requirement for van-accessible parking spaces under CBC Chapter 11B?,At least one for every 5 or fraction of 5 accessible spaces,At least one for every 6 or fraction of 6 accessible spaces,At least one for every 7 or fraction of 7 accessible spaces,At least one for every 8 or fraction of 8 accessible spaces,2,"CBC 11B-208.2.4 mandates that for every six or fraction of six accessible spaces, at least one must be a van-accessible space[cite: 1] (132"" wide stall or 108"" stall with 96"" aisle)."
e2-q16,exam2,area3,16,"For temporary or movable equipment stationed in one place for no more than 8 hours, current code allows enforcing agencies to require seismic restraints when the equipment exceeds what weight?",100 lbs,200 lbs,300 lbs,400 lbs,4,Equipment weighing more than 400 lbs must be anchored to prevent overturning and slide hazards[cite: 1].
e2-q17,exam2,area4,17,The California Electrical Code allows which professional other than registered electrical engineers to serve as Design Reviewers for electrical systems?,Architect,Owner Employed Special Inspector,Building Department Plan Checker,Only electrical engineers,1,Licensed architects are recognized as registered design professionals capable of overall system design review[cite: 1].
e2-q18,exam2,area4,18,"According to the California Health and Safety Code, which of the following safety features is required for all commercial and public swimming pools?",Underwater wet-niche light fixtures,Variable speed circulation pumps,Anti-vortex drains,Anti-entrapment drain covers/devices,4,Anti-entrapment covers complying with ASME/ANSI A112.19.8 (or suction limitation systems) are mandated under the Swimming Pool Safety Act[cite: 1].
e2-q19,exam2,area5,19,"California Design Professional Lien law requires that prior to recording a lien, design professionals must provide the owner with written demand at least how many days in advance?",10 days,15 days,30 days,60 days,1,California Civil Code § 8416 requires design professionals to give the property owner at least 10 days written notice before recording a lien[cite: 1].
e2-q20,exam2,area5,20,"In order to preserve the right to file a mechanic's lien, when must a sub-contractor serve the Preliminary 20-Day Notice?",Within 20 days after starting construction on the job site,Within 20 days after the subcontractor begins providing work or materials,Within 20 days after completing work,Within 20 days of the first progress payment application,2,"Civil Code § 8204 states the preliminary notice must be served not later than 20 days after the claimant first furnishes work, services, or equipment[cite: 1]."
e2-q21,exam2,area2,21,"According to the California Clean Air Act, stationary equipment or industrial processes that emit pollutants are required to obtain what from the local AQMD?",Letter of Permission,Permit to Operate (PTO),General Permit,Standard Permit,2,Local Air Quality Management Districts issue an Authority to Construct followed by a Permit to Operate (PTO)[cite: 1].
e2-q22,exam2,area2,22,"According to the California Coastal Act, what is the general geographic boundary of the Coastal Zone?",Between the sea and the first public road,"Extends 1 mile seaward and 1,000 yards inland",Extends seaward 3 miles and 100 yards inland,"Extends seaward to state jurisdictional limits (3 nmi) and generally 1,000 yards inland (up to 5 miles in rural habitat/mountain zones)",4,"The Coastal Zone extends 3 miles offshore to the state boundary and inland generally 1,000 yards, expanding up to 5 miles in undeveloped coastal ridgelines[cite: 1]."
e2-q23,exam2,area1,23,"Which of the following are required of architects when exercising Responsible Control under California law?
A. Be licensed in California
B. Stamp and sign drawings
C. Exercise standard of care over document preparation
D. Execute a written contract
E. Carry errors and omissions insurance",A and B,"A, B and C","A, B, C and D",All of the above,2,"B&P Code § 5535.1 defines responsible control by licensure, stamp/seal, and direct control and review[cite: 1]. Contracts and insurance are business requirements, not components of responsible control[cite: 1]."
e2-q24,exam2,area1,24,"Under the Architects Practice Act, in which of the following scenarios is the Architect REQUIRED to have a written contract?",Performing pro bono work with zero compensation,Providing services of the same kind previously rendered to and paid for by the same client,Providing architectural services to a professional traffic engineer,The client states in writing that they do not want a contract,3,"B&P Code § 5536.22 exempts work for professional engineers, but a traffic engineer or unlicensed consultant is not a registered civil/structural/mechanical/electrical engineer[cite: 1]."
e2-q25,exam2,area1,25,The California Architects Practice Act states that misdemeanor practice of architecture without a license is punishable by what?,"Fine of $100 to $2,000 or up to 1 year imprisonment","Fine of $100 to $5,000 or imprisonment in county jail up to 1 year, or both","Fine of $200 to $2,000 or up to 2 years imprisonment","Fine of $200 to $5,000 or up to 2 years imprisonment",2,"B&P Code § 5536 makes unlicensed practice a misdemeanor punishable by a fine not less than $100 and not more than $5,000, or by imprisonment up to 1 year, or both[cite: 1]."
e2-q26,exam2,area1,26,Which project is exempt from the licensing provisions of the California Architects Practice Act?,"Single-family dwelling of reinforced masonry construction, 2 stories high","Multiple dwellings with 5 wood-frame units, 2 stories high",Clusters of multi-family dwellings totaling 4 units,Garages and similar wood-frame outbuildings not over 2 stories and basement,4,"Wood frame conventional construction garages, outbuildings, and single-family dwellings are exempt under B&P Code § 5537[cite: 1] (masonry construction requires an architect or engineer)."
e2-q27,exam2,area1,27,Which of the following is NOT a rule of professional conduct in the California Code of Regulations Title 16?,"An architect shall only accept work that he/she is qualified to perform by education, training, and experience",An architect shall exercise responsible control when practicing architecture,"In designing a project, an architect shall have knowledge of all applicable building laws, codes, and regulations","Whenever the Board is conducting an investigation, an architect is required to respond within 30 days",2,"The standard of care rule states an architect shall exercise reasonable skill and care[cite: 1]. 'Responsible control' is a statutory definition for sealing documents, not phrased as this conduct rule[cite: 1]."
e2-q28,exam2,area1,28,Which of the following acts governs professional corporations in California?,Brown Reagan Professional Corporation Act,Deukmejian Wilson Professional Corporation Act,Davis Schwarzenegger Professional Corporation Act,Moscone Knox Professional Corporation Act,4,The Moscone-Knox Professional Corporation Act (CA Corp Code § 13400) governs professional corporations[cite: 1].
e2-q29,exam2,area2,29,Which of the following is one of the mandatory elements of a California General Plan?,Sustainability,Noise,Recreation,Public Transit,2,"The seven mandatory General Plan elements are Land Use, Circulation, Housing, Conservation, Open Space, Noise, and Safety[cite: 1]."
e2-q30,exam2,area1,30,"Which of the following is NOT true regarding private Covenants, Conditions and Restrictions (CC&Rs)?",They are enforced by homeowners associations or private lawsuits,They run with the land to bind future owners,"They govern only physical characteristics of properties such as size, roof color, and landscaping",They are recorded with the county recorder,3,"CC&Rs frequently govern non-physical items such as pet restrictions, rental limitations, quiet hours, and business uses[cite: 1]."
e2-q31,exam2,area2,31,Who has legal authority to enforce the federal Americans with Disabilities Act (ADA) in California?,Local Building Departments,Division of the State Architect (DSA),OSHPD / HCAI,U.S. Department of Justice or private parties via civil lawsuits,4,"ADA is a federal civil rights statute enforced by the US Department of Justice and federal courts[cite: 1]. Local building departments enforce Title 24, not the ADA[cite: 1]."
e2-q32,exam2,area4,32,Which is an area where California Building Code accessibility standards differ and are more stringent than the 2010 ADA Guidelines?,Detectable warning truncated domes at transit boarding and curb ramps,Dimensions of elevator cars,Passenger Loading zones,There are no differences,1,"California mandates yellow detectable warning truncated domes at curb ramps and hazardous vehicular ways, whereas ADA eliminated some of these requirements[cite: 1]."
e2-q33,exam2,area2,33,"Under federal aviation regulations, when must an architect/sponsor notify the FAA (Form 7460-1)?",Highways taller than 100 ft,Any construction exceeding 100 ft above ground level,Any construction exceeding 200 ft above ground level or within airport approach slope surfaces,Alterations within set distances from a heliport only,3,FAA notification is required for structures greater than 200 feet above ground level or piercing imaginary approach surfaces[cite: 1].
e2-q34,exam2,area2,34,Which of the following is NOT a federal statute granting the U.S. Army Corps of Engineers regulatory jurisdiction over waters and wetlands?,Rivers and Harbors Act § 10,National Environmental Quality Act,Clean Water Act § 404,"Marine Protection, Research and Sanctuaries Act",2,There is no 'National Environmental Quality Act' (it is NEPA)[cite: 1]. The Rivers and Harbors Act and Clean Water Act are the Army Corps' statutes[cite: 1].
e2-q35,exam2,area3,35,AF&PA / NDS is the recognized national design standard for which building material?,Wood,Concrete,Masonry,Structural Steel,1,NDS is the National Design Specification for Wood Construction (American Forest & Paper Association / American Wood Council)[cite: 1].
e2-q36,exam2,area2,36,"Under the California Unified Program, which local agency typically conducts review and approval of Hazardous Materials Management Plans (HMMP)?",Public Works Department,Department of Environmental Health,Building Department,Local Fire Department,4,Local fire departments act as the CUPA to review HMMPs and chemical inventory hazardous materials disclosure[cite: 1].
e2-q37,exam2,area2,37,"Which building elements are typically submitted to local police departments for Crime Prevention Through Environmental Design (CPTED) review?
A. Security cameras
B. Alarm systems
C. Access control gates
D. Walk-up ATM machines","A, B and C","A, B and D","B, C and D",All of the above,4,"Police departments review security site plans including lighting, ATM sightlines, alarms, and electronic access gates[cite: 1]."
e2-q38,exam2,area2,38,Which of the following is NOT an operational responsibility of county Flood Control Districts?,Protection of watercourses and water conveyance,Protection of land and structures from stormwater flooding,Remediation of underground chemical aquifer contamination,Preservation of floodwater for percolation and beneficial reuse,3,"Contamination cleanups are handled by the RWQCB and DTSC, not county flood control agencies[cite: 1]."
e2-q39,exam2,area2,39,Which of the following is NOT a regulatory function of the California Air Resources Board (CARB)?,Regulating formaldehyde emissions from plastic pipe products,Controlling VOC emissions from architectural coatings and paints,Reducing mobile emission sources from freight transport,Developing state clean air implementation plans,1,"CARB ATCM limits formaldehyde in composite wood products (MDF, particleboard, hardwood plywood), not plastic plumbing pipes[cite: 1]."
e2-q40,exam2,area2,40,"The California Division of the State Architect (DSA) has full plan check and building enforcement authority over which facility types?
A. K-12 public schools
B. Community colleges
C. University of California buildings
D. California State University buildings",A only,A and B,"B, C and D",All of the above,2,DSA regulates K-12 and community colleges under the Field Act[cite: 1]. UC and CSU have independent seismic boards and only use DSA for accessibility[cite: 1].
e2-q41,exam2,area2,41,A General / Nationwide Permit issued by the U.S. Army Corps of Engineers applies to which type of work?,Projects approved on an accelerated emergency basis,Projects with severe wetland displacement,Projects that cause only minimal individual and cumulative adverse environmental impacts,Projects with zero environmental touch,3,General/Nationwide permits apply to defined categories of activities that cause only minimal adverse environmental effects[cite: 1].
e2-q42,exam2,area2,42,What is the primary role of the California Governor's Office of Planning and Research (OPR)?,Coordinate statewide environmental review and provide CEQA guidelines,Act as a binding mediator for disputes between cities,Issue environmental permits for highway systems,Approve architectural licenses,1,OPR develops CEQA implementation guidelines and runs the State Clearinghouse to coordinate state environmental reviews[cite: 1].
e2-q43,exam2,area2,43,"Under CEQA, what can a Responsible Agency do if it finds that a Lead Agency prepared an inadequate EIR?","Nothing, the Lead Agency's decision is completely unchallengeable",Request the State Clearinghouse reverse the decision,Appeal to the County Grand Jury,Assume the role of Lead Agency or file a legal challenge within 30 days of the NOD,4,CEQA Guidelines § 15096 allows a responsible agency to take over lead agency duties under certain conditions or file a court petition[cite: 1].
e2-q44,exam2,area3,44,Which of the following is typically included in the civil engineer's scope of design services?,Landscape irrigation design,Pavement design and site parking grading/drainage,Water supply pipes inside the building envelope,Parking lot lighting photometrics,2,"Civil engineers handle site grading, paving sections, and site stormwater drainage[cite: 1]. Irrigation is landscape; interior piping is plumbing; lighting is electrical[cite: 1]."
e2-q45,exam2,area3,45,Which of the following is NOT considered an effective internal QA/QC coordination practice?,Exchanging milestone progress sets with consultants,Securing written client approvals at completion of each design phase,Holding the first interdisciplinary coordination meeting at the start of the CD phase,Continuous senior peer review throughout the project life cycle,3,Waiting until the Construction Documents phase to hold the first consultant coordination meeting is far too late and leads to substantial redesign[cite: 1].
e2-q46,exam2,area1,46,"Which of the following practices actively builds awareness of the standard of care and strengthens an architect's professional capability?
A. Reviewing prominent design trends
B. Studying product manufacturer technical literature
C. Attending accredited continuing education seminars
D. Participating in peer review programs
E. Publishing an article about self-projects","A, B and C","A, C and E","A, D and E","B, C and D",4,"Manufacturer literature, continuing education courses, and peer reviews sharpen technical competency and align practice with the professional standard of care[cite: 1]."
e2-q47,exam2,area1,47,"During Schematic Design, the Owner directs you to bypass Design Development and proceed directly to CDs to fast-track the opening. How should you respond?",Comply immediately and add extra drafting staff,Explain that DD is critical to resolve systems and coordinate engineering; advise of risks and explore other fast-track methods,Demand that contractor shorten the construction duration instead,Refuse outright and terminate the contract,2,Bypassing DD leads to massive coordination failures and cost overruns[cite: 1]. The architect should counsel the owner and investigate phased permitting or package bidding[cite: 1].
e2-q48,exam2,area1,48,Your cost estimate shows the project is 5% over budget at the conclusion of Schematic Design. What is your contractual responsibility?,Advise the client not to worry because SD estimates are approximate,Tell the client to secure 5% more financing,Collaborate with the client to evaluate value engineering and adjust scope or finishes to align with budget,Artificially lower the square foot cost numbers on the estimate,3,"Under AIA B101, if the architect's estimate exceeds the budget at the end of SD, the architect must review options with the owner to adjust scope, size, or quality[cite: 1]."
e2-q49,exam2,area2,49,Which consultant typically produces drawings that are submitted for Planning Commission design review?,Civil Engineer,Landscape Architect,Structural Engineer,Acoustical Engineer,2,"Landscape architects prepare site layouts, hardscape, tree preservation, and planting plans which are central to planning and design review approvals[cite: 1]."
e2-q50,exam2,area1,50,"Under AIA B101, if the Owner suspends the project for more than how many cumulative days may the Architect terminate the agreement?",30 days,60 days,90 days,120 days,3,AIA B101 § 9.3 allows the architect to terminate the contract upon not less than 7 days written notice if the owner suspends the project for more than 90 cumulative days[cite: 1].
e2-q51,exam2,area3,51,Recessed light fixtures and grilles in suspended acoustical tile ceilings are required by California seismic codes to be supported by independent safety wires of what minimum gauge?,10 gauge,11 gauge,12 gauge,14 gauge,3,CISCA guidelines and ASTM standards require two 12-gauge hanger wires connected to opposite corners of recessed light fixtures[cite: 1].
e2-q52,exam2,area3,52,"In earthquake engineering for non-structural components, 'inertia failure' refers to damage caused by which phenomenon?",Excessive shaking and accelerations acting directly on the mass of the non-structural component,Building inter-story drift that distorts wall frames and glazing,Differential settlement of building footings,Soil liquefaction below grade,1,"Inertia forces are proportional to the mass and seismic acceleration (F = ma), causing unrestrained heavy components to topple or break anchors[cite: 1]."
e2-q53,exam2,area3,53,Which of the following is NOT a design prerequisite for a base-isolated seismic structure?,Superstructure designed to behave as a rigid box above the isolator plane,Limiting building height/slenderness ratio to prevent overturning moments,Upper levels of the building must have zero cantilevers,Flexible utility connections across the seismic isolation moat,3,Superstructures with cantilevers are allowed provided the structure behaves rigidly as a unified diaphragm system above the isolation plane[cite: 1].
e2-q54,exam2,area3,54,Under which soil or site condition is a mat (raft) foundation commonly specified?,Sites with high water tables or low bearing capacity where spread footings would cover over half the footprint,Sites where bedrock is shallow,Steep hillside slopes prone to mudslides,Dry sandy desert conditions,1,Mat foundations distribute loads over a massive footprint to resist differential settlement in weak soils and resist hydrostatic uplift in high water tables[cite: 1].
e2-q55,exam2,area3,55,What is a major operational limitation of air-source heat pumps in cold weather conditions?,Inability to provide cooling,Decreased heating capacity and efficiency (COP) as outside ambient air temperatures drop,High fuel storage requirements,Prohibitive duct requirements,2,"Air-source heat pumps suffer reduced coefficient of performance (COP) and diminished heating capacity in sub-freezing temperatures, requiring supplemental heat[cite: 1]."
e2-q56,exam2,area3,56,What is a primary distinction in water management between a curtain wall system and a storefront system?,Glass color availability,Operable sash hardware,"Curtain walls weep moisture horizontally at each story transom, while storefronts weep at the bottom sill flashing",Storefronts cannot receive double glazing,3,Storefronts drain internal condensation to the bottom sub-sill pan; multi-story curtain walls manage water through internal gutters weeping at each floor[cite: 1].
e2-q57,exam2,area3,57,"Other than cost and lead time, what criteria should architects evaluate when specifying materials?
A. Maintenance & Cleanability
B. Durability & Lifespan
C. Owner / User operational needs
D. Aesthetics
E. Whether the product is brand new and untested","A, B, C and D","A, B, C and E","A, B, D and E","B, C, D and E",1,"Specifying untested products without proven track records violates standard risk management practices[cite: 1]. Maintenance, durability, user need, and aesthetics are standard[cite: 1]."
e2-q58,exam2,area4,58,Which of the following items is typically shown on detail sections and wall details rather than on roof plans?,Roof crickets,Continuous thermal insulation layers,Roof drain locations,Rooftop mechanical equipment,2,"Insulation thickness, vapor retarders, and attachment details are detailed in wall/roof sections; roof plans show geometry, drains, crickets, and curbs[cite: 1]."
e2-q59,exam2,area4,59,Which dimensional data is typically found directly on drawing schedules rather than in project specifications?,Ceiling tile sizes,Door and window frame sizes,Plumbing fixture diameters,Stud gauge thicknesses,2,Door and window sizes and opening schedules belong on drawings; material technical performance and standards belong in specs[cite: 1].
e2-q60,exam2,area5,60,Which of the following documents does NOT exist at the time the original bidding documents are issued?,Form of Agreement,General and Supplementary Conditions,Bonding Requirements,Addenda,4,Addenda are modifications issued during the bidding period prior to bid receipt; they do not exist when the initial bid set is issued[cite: 1].
e2-q61,exam2,area4,61,Plan check returns with major spatial conflicts between mechanical duct runs and structural beams. What is your first action?,Notify the owner that the permit is failed,Redesign the ductwork yourself without engineering input,Review the comments and convene an immediate coordination meeting with the mechanical and structural engineers,Instruct the consultants to work it out without architect participation,3,The architect in responsible control leads coordination between structural and MEP disciplines to resolve spatial clashes[cite: 1].
e2-q62,exam2,area5,62,"If the Owner engages a Construction Manager as Advisor (CMa), which architectural CA service is shared or significantly filtered?",Review and certification of contractor payment applications,Issuance of architectural sketches,Final building occupancy inspection,Conducting aesthetic punch lists,1,"Under AIA C132/A232, the Construction Manager reviews and certifies the contractor's payment application before passing it to the architect for joint approval[cite: 1]."
e2-q63,exam2,area4,63,What is the registered Architect's legal responsibility regarding Special Inspections under Chapter 17 of the CBC?,Prepare and submit the Statement of Special Inspections to the building official,Directly hire and compensate the special inspectors,Perform all destructive laboratory testing personally,Guarantee that the contractor's work is defect-free,1,The registered design professional prepares and submits the schedule/statement of special inspections to the building official[cite: 1].
e2-q64,exam2,area5,64,"In a construction surety performance or payment bond, who is the 'Principal'?",The Architect,The Owner (Obligee),The General Contractor,The Bonding Surety Company,3,"In surety bonding, the Contractor is the Principal (whose performance is guaranteed), the Owner is the Obligee, and the insurance carrier is the Surety[cite: 1]."
e2-q65,exam2,area1,65,Which of the following is a primary characteristic of private binding arbitration compared to courtroom litigation?,Arbitration decisions can easily be appealed on legal errors,Arbitration proceedings are confidential and private,Arbitration is governed by strict public judicial rules of evidence,Arbitration is open to public court reporters,2,"Arbitration proceedings and awards are private and confidential, and grounds for judicial appeal are very limited[cite: 1]."
e2-q66,exam2,area5,66,"In a construction contract, what is the definition of 'Liquidated Damages'?",A punitive fine assessed against the contractor for poor workmanship,A penalty imposed on the owner for late progress payments,A pre-agreed reasonable estimate of daily financial loss incurred by the owner if construction is delayed past Substantial Completion,Compensation paid to subcontractors when work is shut down,3,Liquidated damages are a predetermined daily sum intended to compensate the owner for actual financial loss resulting from late completion (not a punitive penalty)[cite: 1].
e2-q67,exam2,area5,67,"Which of the following are recognized contract documents used to modify the construction work?
A. Bulletins
B. Change Orders
C. Construction Change Directives (CCD)
D. Orders for a Minor Change in the Work (ASI)","A, B and C","A, B and D","A, C and D","B, C and D",4,"AIA A201 explicitly defines Change Orders, CCDs, and Architect's Orders for a Minor Change[cite: 1]. 'Bulletin' is an informal term, not a contract modification document[cite: 1]."
e2-q68,exam2,area5,68,"Under AIA Document A201, how many days does the Architect have after receipt of the Contractor's Application for Payment to either certify or withhold payment?",5 days,7 days,10 days,14 days,2,AIA A201 § 9.4.1 requires the architect to either issue a Certificate for Payment or state reasons for withholding within 7 days[cite: 1].
e2-q69,exam2,area5,69,"Under AIA A201 § 14.1, which of the following is a valid ground for the Contractor to terminate the contract?",The work is suspended by the Owner for 10 days,Work is stopped for 30 consecutive days under an act of government or court order through no fault of the Contractor,The Architect takes 8 days to review an RFI,A subcontractor goes out of business,2,The contractor may terminate the contract if the work is stopped for 30 consecutive days by government order or court injunction through no fault of the contractor[cite: 1].
e2-q70,exam2,area5,70,"Which of the following must the Contractor submit to the Architect to receive Final Payment?
A. Contractor's affidavit of payment of debts and claims (AIA G706)
B. Consent of Surety to Final Payment (AIA G707)
C. Final unconditional lien waivers and releases
D. Building occupancy permit","A, B and C","A, B and D","A, C and D","B, C and D",1,"G706, G707, and lien waivers are required closeout submittals for final payment[cite: 1]. The certificate of occupancy is issued by the building official to the owner[cite: 1]."
Gemini-generated-q1,Gemini-generated,area1,1,"Under California Government Code § 65583, which state agency is tasked with reviewing local municipal General Plan Housing Elements for statutory compliance with the Regional Housing Needs Allocation (RHNA)?",California Department of Housing and Community Development (HCD),Governor's Office of Planning and Research (OPR),California Department of Real Estate (DRE),California Department of Consumer Affairs (DCA),1,California Government Code § 65583 requires local jurisdictions to submit draft Housing Elements to the Department of Housing and Community Development (HCD) for certification and RHNA compliance review.
Gemini-generated-q2,Gemini-generated,area1,2,"A city fails to adopt an HCD-compliant Housing Element by the statutory deadline. Under California Housing Element Law, what automatic consequence may a developer invoke for a project providing 20% low-income housing?","The Builder's Remedy, which restricts the municipality's authority to deny the project based on local zoning or general plan inconsistencies",Automatic issuance of a building permit without plan check review,Exemption from all CBC Title 24 Building Standards and fire marshal approvals,Automatic entitlement of a 100% density bonus and full waiver of all development impact fees,1,"Under the Housing Accountability Act (Gov. Code § 65589.5), the 'Builder's Remedy' restricts non-compliant municipalities from denying qualifying affordable housing projects on the basis of general plan or zoning non-conformance."
Gemini-generated-q3,Gemini-generated,area1,3,"Under BPC § 5536.22, which of the following contract provisions is an explicit statutory requirement for an architect entering into a written agreement with a client in California?",A statement notifying the client that the architect is licensed by the California Architects Board,A mandatory binding arbitration clause naming the American Arbitration Association (AAA),An express limitation of liability clause capping damages at the architect's professional fee,A statutory warranty certifying that the completed project will conform with the client's initial budget,1,"BPC § 5536.22(a)(5) requires that all written contracts include a statement informing the client that architects are licensed and regulated by the California Architects Board, including CAB contact details."
Gemini-generated-q4,Gemini-generated,area1,4,"An architect is hired by a corporate client to provide schematic feasibility studies on an hourly basis. Under BPC § 5536.22, under what condition is a written contract legally NOT required?",When the client is a public agency or when professional services are rendered without compensation to the architect,Whenever services are billed at an hourly rate rather than a stipulated lump sum,"Whenever the total anticipated fee is estimated to be less than $10,000",If the client provides an oral promise to sign an agreement prior to permit submittal,1,"BPC § 5536.22(b) exempts an architect from the written agreement mandate only if: (1) professional services are rendered for free, (2) the client is a public agency, (3) the client signs a pre-existing master service agreement, or (4) services are of the same general kind previously rendered to and paid for by the client."
Gemini-generated-q5,Gemini-generated,area1,5,"An architect forms a professional corporation in California to offer architectural services. Pursuant to the Moscone-Knox Professional Corporation Act and CAB regulations, what minimum percentage of voting shares must be owned by licensed design professionals?","100% of the shares must be owned by licensed persons, with licensed architects owning at least 51%","At least 51% must be owned by licensed architects, while the remaining 49% may be owned by unlicensed investors","At least 75% of shares must be owned by licensed architects, with 25% owned by staff employees","A minimum of 50% must be owned by architects, with no restriction on non-professional owners",1,"Under the Moscone-Knox Professional Corporation Act (Corp. Code § 13401.5) and CAB rules, non-licensed individuals cannot hold voting shares; 100% must be held by licensed design professionals, and licensed architects must own at least 51%."
Gemini-generated-q6,Gemini-generated,area1,6,"Under California law, an architect's legal standard of care requires that the architect exercise:",The degree of skill and care ordinarily exercised by reasonably prudent architects practicing under similar circumstances in the same locality,The highest level of technical perfection and strict adherence to zero-defect construction,Guaranteed compliance with all building code interpretations subsequently made by the plan checker,"The standard of care defined by published national AIA guidelines, irrespective of local jurisdictional practice",1,"In California, common law establishes the architect's standard of care as the degree of learning and skill ordinarily possessed by reputable professionals practicing in the same or similar locality under similar circumstances."
Gemini-generated-q7,Gemini-generated,area1,7,"An architect is sued for breach of contract and negligence. Under California Business and Professions Code § 5588, within how many days must an architect report a civil judgment or settlement exceeding $5,000 against them to the California Architects Board?","Within 30 days of the settlement, judgment, or arbitration award",Within 10 days of service of the summons and complaint,Within 60 days following the conclusion of the calendar year,Only during the biennial license renewal filing,1,"BPC § 5588 mandates that a licensee report any settlement or arbitration award of $5,000 or greater resulting from professional negligence or breach of contract to the California Architects Board in writing within 30 days."
Gemini-generated-q8,Gemini-generated,area1,8,"Which document, prepared by a regional Council of Governments (COG) in coordination with HCD, establishes the minimum housing production allocation that local municipal general plans must accommodate?",Regional Housing Needs Allocation (RHNA),California Environmental Quality Act Initial Study (IS),Comprehensive Annual Financial Report (CAFR),Capital Improvement Program (CIP),1,"HCD allocates regional housing targets to regional planning councils (such as SCAG or ABAG), which distribute the Regional Housing Needs Allocation (RHNA) to cities and counties for inclusion in their General Plan Housing Elements."
Gemini-generated-q9,Gemini-generated,area1,9,"An architect prepares project feasibility budgets for a commercial project. In California, which project cost component represents a municipal impact fee levied under the Mitigation Fee Act (Gov. Code § 66000)?",A development impact fee established to offset the capital cost of public infrastructure improvements caused by the project,A mandatory fee paid to the California Architects Board upon building permit submittal,An administrative penalty levied by the Regional Water Quality Control Board for stormwater compliance,A local building department surcharge dedicated entirely to third-party accessibility review,1,"The Mitigation Fee Act (AB 1600, Gov. Code § 66000) governs the establishment and collection of local development impact fees charged to defray the cost of public facilities necessitated by new development."
Gemini-generated-q10,Gemini-generated,area1,10,"Under the California Density Bonus Law (Gov. Code § 65915), a residential development project providing 10% lower-income units is entitled to which of the following statutory benefits?",A density bonus percentage and at least one development incentive or concession,A total exemption from CEQA environmental review and coastal development permits,Full waiver of all building code structural requirements under CBC Chapter 16,Automatic rezoning of the parcel from commercial to heavy industrial,1,"Government Code § 65915 entitles developers who dedicate specified percentages of affordable units to a base density bonus, reduced parking requirements, and statutory incentives or concessions that reduce site development standards."
Gemini-generated-q11,Gemini-generated,area1,11,"An architect includes a clause in a residential design contract stating: 'Architect shall be held harmless from any and all liability, including damages resulting from Architect's sole gross negligence or intentional misconduct.' Under California Civil Code § 1668, what is the legal validity of this clause?",It is void and unenforceable as against public policy,It is fully enforceable if the client signs an initialed separate waiver,It is enforceable only if professional liability insurance limits are stated in the contract,It is valid for single-family residential projects but void for multi-family commercial projects,1,"California Civil Code § 1668 establishes that contracts which have for their object to exempt anyone from responsibility for his own fraud, willful injury to the person or property of another, or violation of law, whether willful or negligent, are against public policy and void."
Gemini-generated-q12,Gemini-generated,area1,12,"In California, an architectural firm operating as a Limited Liability Partnership (LLP) must register with which two state entities prior to offering professional services?",The California Secretary of State and the California Architects Board,The Department of Housing and Community Development and the State Clearinghouse,The California Department of Tax and Fee Administration and Cal/OSHA,The Governor's Office of Planning and Research and the Department of Consumer Affairs,1,An architectural LLP must be registered with the California Secretary of State pursuant to the Corporations Code and hold a Certificate of Registration from the California Architects Board (BPC § 5580).
Gemini-generated-q13,Gemini-generated,area1,13,"Under BPC § 5536.22, if an architect provides additional services outside the original contract scope on an hourly basis, how must these additional services be documented to comply with the Practice Act?","Through a written amendment describing the additional services and compensation basis, executed before or promptly upon commencing the work",By billing the additional hours directly on the next monthly invoice without prior client authorization,Through an oral agreement between the project manager and contractor recorded in job meeting minutes,No documentation is required as long as the base contract explicitly references standard AIA G802 forms,1,BPC § 5536.22 requires that changes in the professional services provided or compensation to be paid must be memorialized in a written amendment executed by both parties.
Gemini-generated-q14,Gemini-generated,area1,14,What is the primary role of the Governor's Office of Planning and Research (OPR) in California project development?,"Formulating state planning priorities, maintaining the CEQA Guidelines, and operating the State Clearinghouse",Directly reviewing architectural construction documents for structural safety and Title 24 access,Issuing Coastal Development Permits for projects located along certified shoreline segments,Enforcing the California Architects Practice Act and prosecuting unlicensed practice violations,1,"OPR serves as the Governor's comprehensive planning agency, drafts and updates the CEQA Guidelines, and operates the State Clearinghouse for environmental document distribution."
Gemini-generated-q15,Gemini-generated,area1,15,An architect in California is retained to complete a programming report and space-needs assessment. The contract does not include construction administration services. How should the architect limit their exposure to subsequent construction defects?,Include an explicit contractual disclaimer stating the architect is not responsible for construction document interpretation or site observation unless retained under a separate agreement,Rely on the local jurisdiction's plan check department to act as the legal architect-of-record,Stipulate that the contractor assumes all common-law design liability upon receiving a building permit,Record an indemnity release with the County Recorder's Office prior to commencing schematic design,1,Standard risk management practice in California requires clearly delineating the scope of services in the written agreement and executing a separate waiver/disclaimer when not retained for subsequent construction phases.
Gemini-generated-q16,Gemini-generated,area1,16,Which California statutory entity administers the State Housing Law regulations codified in Title 24 Parts 1 and 2 for all multifamily residential occupancies?,California Department of Housing and Community Development (HCD),Division of the State Architect (DSA),Department of Health Care Access and Information (HCAI),California Air Resources Board (CARB),1,"The Department of Housing and Community Development (HCD) adopts and administers building standards under the State Housing Law (Health & Safety Code § 17910+) for hotels, motels, lodging houses, apartments, and dwellings."
Gemini-generated-q17,Gemini-generated,area1,17,"Under BPC § 5558, within how many days must a licensed architect notify the California Architects Board of a change of legal address of record?",Within 30 days of the change,Within 10 days of the change,Within 60 days of the change,At the time of the next biennial license renewal,1,BPC § 5558 mandates that each licensee shall notify the board in writing of each change of address within 30 days after the change occurs.
Gemini-generated-q18,Gemini-generated,area2,18,"Under CEQA (California Environmental Quality Act), which of the following is the key test for determining whether a public agency action constitutes a 'project' subject to environmental review?",The activity must involve a discretionary approval by a public agency that may cause either a direct or reasonably foreseeable indirect physical change in the environment,"The project budget must exceed $1,000,000 and require state funding",The project must require an amendment to the municipal General Plan or a rezoning permit,The project must involve ground disturbance within 500 feet of an active fault or wetland,1,"Under CEQA Guidelines § 15378, a 'project' means an activity directly undertaken, supported, or permitted by a public agency requiring a discretionary approval that may cause a physical change in the environment."
Gemini-generated-q19,Gemini-generated,area2,19,A property owner submits an application for a commercial building permit that strictly complies with all applicable prescriptive zoning standards and building codes. The plan checker issues the permit over the counter without a public hearing. Why is this action NOT subject to CEQA?,"It is a ministerial action involving only the application of fixed objective standards, and ministerial projects are statutorily exempt from CEQA","Commercial projects under 50,000 square feet are granted automatic immunity under CEQA Guidelines § 15002",The building department acts as a Responsible Agency and waives environmental review,Only state-owned or state-funded projects are required to undergo CEQA review,1,"CEQA applies exclusively to discretionary actions where an agency exercises judgment. Under CEQA Guidelines § 15268, ministerial projects (such as prescriptive building permits) are statutorily exempt."
Gemini-generated-q20,Gemini-generated,area2,20,"An architect is designing an infill commercial office building. The city issues an Initial Study determining that while the project could produce significant traffic and noise impacts, the developer has agreed to design revisions and mitigation measures that completely eliminate or reduce these impacts below a level of significance. What environmental document should the Lead Agency prepare?",A Mitigated Negative Declaration (MND),A Notice of Exemption (NOE),A Programmatic Environmental Impact Report (Program EIR),A Supplemental Environmental Impact Report (SEIR),1,"Under CEQA Guidelines § 15070(b), a Mitigated Negative Declaration (MND) is prepared when an Initial Study identifies potentially significant effects, but project revisions or mitigation agreed to by the applicant reduce impacts to a less-than-significant level."
Gemini-generated-q21,Gemini-generated,area2,21,"Under CEQA Guidelines § 15300.2, which condition immediately disqualifies a project from utilizing a Class 32 Infill Development Categorical Exemption?",The project site has value as an endangered species habitat or is located on a hazardous waste site listed pursuant to Gov. Code § 65962.5 (Cortese List),The project budget exceeds the local threshold for competitive public bidding,The project includes multi-family residential units with an underground parking structure,The project site is within 1 mile of a public elementary school,1,"CEQA Guidelines § 15300.2 lists categorical exemption exceptions: cumulative impacts, scenic highways, hazardous waste sites (Cortese list), and significant historical resources immediately disqualify a project from claiming a categorical exemption."
Gemini-generated-q22,Gemini-generated,area2,22,"When a Lead Agency files and posts a Notice of Determination (NOD) with the County Clerk after approving a project with an approved EIR, what is the statutory statute of limitations for filing a legal challenge against the approval?",30 calendar days from the date of posting,180 calendar days from the date of project approval,90 calendar days from the date of building permit issuance,1 year from the execution of the owner-contractor agreement,1,"Under CEQA Guidelines § 15112(c)(1), the filing and posting of a valid Notice of Determination (NOD) reduces the statute of limitations for court challenges from 180 days down to 30 calendar days."
Gemini-generated-q23,Gemini-generated,area2,23,"If a Lead Agency fails to file and post a Notice of Exemption (NOE) or Notice of Determination (NOD) following project approval, what is the default statute of limitations for an environmental legal challenge under CEQA?",180 days from the date of the agency's decision to carry out or approve the project,30 days from the date the contractor commences grading on site,60 days from the date the building official issues the permit,5 years under the California general statute of limitations for torts,1,"Under CEQA Guidelines § 15112(c)(5), if no formal notice (NOE or NOD) is filed and posted, the statute of limitations for challenging the approval is 180 days from the date of project approval."
Gemini-generated-q24,Gemini-generated,area2,24,"When a Draft Environmental Impact Report (DEIR) is submitted to the State Clearinghouse for state-level agency review, what is the standard mandatory public review period under CEQA Guidelines § 15105?",45 calendar days,30 calendar days,60 calendar days,90 calendar days,1,CEQA Guidelines § 15105(a) mandates a minimum 45-day public review period for Draft EIRs whenever the document is submitted to the State Clearinghouse for review by state agencies.
Gemini-generated-q25,Gemini-generated,area2,25,"In CEQA terminology, what is the definition of a 'Responsible Agency'?",A public agency other than the Lead Agency that has discretionary approval authority over carrying out or approving the project,The consulting engineering firm responsible for drafting the technical noise and traffic studies,The municipal building department inspector responsible for verifying field compliance,The regional environmental council that prepares the General Plan Housing Element,1,"CEQA Guidelines § 15381 defines a Responsible Agency as a public agency, other than the Lead Agency, which has discretionary approval power over a portion of the project (e.g., Regional Water Quality Control Board issuing a permit)."
Gemini-generated-q26,Gemini-generated,area2,26,A project involves altering a natural creek channel to construct a new access roadway. Which state agency must issue a § 1602 Lake or Streambed Alteration Agreement before construction can begin?,California Department of Fish and Wildlife (CDFW),California Coastal Commission (CCC),State Water Resources Control Board (SWRCB),California Department of Forestry and Fire Protection (CalFire),1,"Under California Fish and Game Code § 1602, an entity must notify the California Department of Fish and Wildlife (CDFW) and execute an agreement before substantially diverting or obstructing the natural flow of any river, stream, or lake."
Gemini-generated-q27,Gemini-generated,area2,27,"Under the California Coastal Act (Public Resources Code § 30000+), when a local government has a fully certified Local Coastal Program (LCP), who issues the primary Coastal Development Permit (CDP) for new development within the coastal zone?",The local government (city or county),The California Coastal Commission exclusively,The Governor's Office of Planning and Research,The regional air quality management district,1,"Under PRC § 30519, once the California Coastal Commission certifies a local government's LCP, the coastal development permitting authority is delegated to that local government, subject to limited appellate jurisdiction."
Gemini-generated-q28,Gemini-generated,area2,28,"Following certification of a Local Coastal Program (LCP), which of the following local project approvals remains subject to direct appeal to the California Coastal Commission?",A commercial development located between the sea and the first public road paralleling the sea,An interior tenant improvement in an existing office building located 2 miles inland from the beach,"A single-family residence outside any appeal jurisdiction, wetland, or scenic corridor","Any commercial project with a construction valuation exceeding $500,000",1,"Under PRC § 30603, local actions on developments located between the sea and the first public road paralleling the sea, within 300 feet of the mean high tide line, or within 100 feet of wetlands remain appealable to the Coastal Commission."
Gemini-generated-q29,Gemini-generated,area2,29,"What must a Lead Agency adopt under CEQA if an EIR identifies significant unavoidable environmental impacts, but the agency determines that specific economic, legal, social, or technical benefits outweigh those unavoidable impacts?",A Statement of Overriding Considerations,A Notice of Preparation (NOP),A Mitigated Negative Declaration (MND),A Conditional Use Permit (CUP),1,"Under CEQA Guidelines § 15093, if an agency decides to approve a project despite significant unavoidable environmental effects identified in the EIR, it must adopt a formal Statement of Overriding Considerations explaining its benefits."
Gemini-generated-q30,Gemini-generated,area2,30,What is the function of a Mitigation Monitoring and Reporting Program (MMRP) under CEQA Guidelines § 15097?,To ensure that environmental mitigation measures adopted during CEQA review are tracked and implemented during project construction,To monitor the financial profitability and lease-up performance of an affordable housing development,To record municipal liens against properties that fail to comply with CALGreen energy budgets,To verify that the architect's construction drawings match MasterFormat 50-division specifications,1,"Under PRC § 21081.6 and CEQA Guidelines § 15097, the Lead Agency must adopt an MMRP to track, verify, and enforce the implementation of all mitigation measures required by an MND or EIR."
Gemini-generated-q31,Gemini-generated,area2,31,"An owner seeks a zoning variance from a municipal planning commission to reduce the required rear setback on an oddly configured hillside lot. Under California Government Code § 65906, what is the mandatory statutory basis for granting a variance?","Disparities in physical lot topography, size, shape, or surroundings that deprive the owner of privileges enjoyed by other property in the vicinity",Economic hardship resulting from rising construction costs and interest rates,The applicant's willingness to dedicate 10% of the building square footage to public park use,A showing that the variance will maximize the developer's architectural floor area ratio,1,"Gov. Code § 65906 strictly limits variances to instances where, because of special physical circumstances applicable to the property (size, shape, topography, location), the strict application of the zoning ordinance deprives the property of privileges enjoyed by nearby properties."
Gemini-generated-q32,Gemini-generated,area2,32,"Under California planning law, what is the primary legal mechanism used to establish specific operational and performance conditions on a land use that is permitted by right only under certain criteria?",Conditional Use Permit (CUP),Zoning Variance,Notice of Determination (NOD),General Plan Amendment,1,"A Conditional Use Permit (CUP) allows a municipality to review discretionary land uses that are fundamentally compatible with a zone but require special operational, design, or traffic conditions to avoid neighborhood conflicts."
Gemini-generated-q33,Gemini-generated,area2,33,"Under the San Francisco Bay Conservation and Development Commission (BCDC) jurisdiction, how far inland from the mean high water line does BCDC maintain permit authority over shoreline development and public access?",A 100-foot shoreline band extending inland from the line of highest tidal action,"A 1,000-yard coastal zone boundary",1 mile from the edge of the navigable shipping channel,Up to the first public highway paralleling San Francisco Bay,1,"Under the McAteer-Petris Act (Gov. Code § 66610), BCDC exercises jurisdiction over all water areas of San Francisco Bay and a 100-foot shoreline band inland from the line of highest tidal action to secure maximum public shoreline access."
Gemini-generated-q34,Gemini-generated,area2,34,A proposed warehouse project requires the discharge of dredge or fill material into a jurisdictional wetland. Which agency issues a Section 401 Water Quality Certification in California to certify compliance with state water quality standards?,The Regional Water Quality Control Board (RWQCB),The California Coastal Commission (CCC),The Division of the State Architect (DSA),The Department of Toxic Substances Control (DTSC),1,"Under Section 401 of the Clean Water Act and California's Porter-Cologne Water Quality Control Act, the Regional Water Quality Control Board (RWQCB) issues Water Quality Certifications for federal dredge and fill activities."
Gemini-generated-q35,Gemini-generated,area2,35,"When an EIR is prepared, what is the mandatory time frame for public agencies to respond to a Notice of Preparation (NOP) issued by the Lead Agency under CEQA Guidelines § 15082?",30 calendar days from receipt of the NOP,14 calendar days from receipt of the NOP,45 calendar days from receipt of the NOP,60 calendar days from receipt of the NOP,1,"Under CEQA Guidelines § 15082(b), Responsible and Trustee Agencies have 30 days following receipt of the Notice of Preparation (NOP) to provide comments regarding the scope and content of the environmental information to be analyzed in the EIR."
Gemini-generated-q36,Gemini-generated,area2,36,"Under California planning law (Gov. Code § 65302), which of the following is one of the mandatory seven elements that EVERY city and county General Plan must include?",Safety Element,Historic Preservation Element,Architectural Design Element,Sustainable Tourism Element,1,"California Government Code § 65302 mandates that every General Plan include seven core elements: Land Use, Circulation, Housing, Conservation, Open Space, Noise, and Safety (with Environmental Justice added for certain communities)."
Gemini-generated-q37,Gemini-generated,area2,37,Which public agency acts as a 'Trustee Agency' under CEQA with statutory jurisdiction over natural resources held in trust for the people of California?,California Department of Fish and Wildlife (CDFW),California Architects Board (CAB),Department of Housing and Community Development (HCD),Governor's Office of Planning and Research (OPR),1,"CEQA Guidelines § 15386 defines Trustee Agencies as state agencies having jurisdiction by law over natural resources affected by a project, which include CDFW, State Lands Commission, State Department of Parks and Recreation, and UC Natural Reserve System."
Gemini-generated-q38,Gemini-generated,area3,38,"Under CBC Chapter 16 and ASCE 7 seismic design requirements enforced throughout California, which structural detail is critical to prevent non-structural interior full-height gypsum partitions from cracking under lateral seismic floor drift?",Deflection tracks (slip tracks) with slotted holes at the ceiling head connection,Continuous welding of metal studs directly to structural overhead steel beams,Direct screwing of drywall to ceiling runners with zero gap at structural floor slabs,Elimination of expansion joints along partition corridors longer than 30 feet,1,"To accommodate inter-story seismic drift without transferring vertical floor loads or racking stress into non-loadbearing partitions, seismic deflection/slip tracks at the partition head are required."
Gemini-generated-q39,Gemini-generated,area4,39,"Under the California Building Code (Title 24, Part 2), which chapter governs accessibility standards for privately funded multi-family residential dwelling units consisting of three or more units?",CBC Chapter 11A (enforced by local building departments under HCD authority),CBC Chapter 11B (enforced by DSA-AC for public accommodations),CBC Chapter 10 (Means of Egress),CBC Chapter 16 (Structural Design),1,"CBC Chapter 11A covers accessibility standards for covered multi-family dwellings of three or more units and is adopted by the Department of Housing and Community Development (HCD). Chapter 11B applies to public accommodations, commercial facilities, and publicly funded housing."
Gemini-generated-q40,Gemini-generated,area4,40,"Under CBC Chapter 11A, in a newly constructed three-story apartment building with NO elevator, which residential dwelling units are legally required to meet the adaptable accessibility standards?",All ground-floor dwelling units,Every dwelling unit on all three floors,Only units specifically designated as low-income under a local density bonus agreement,No units are required to be accessible if the building lacks a passenger elevator,1,"Under CBC Chapter 11A § 1102A.3.1, in multi-family buildings without an elevator, all ground-floor dwelling units are 'covered multifamily dwellings' and must be adaptable and accessible."
Gemini-generated-q41,Gemini-generated,area4,41,"Under CALGreen (Title 24, Part 11, Section 5.408), what is the mandatory minimum percentage of nonhazardous Construction and Demolition (C&D) debris that must be diverted from landfill disposal for commercial projects?",65% minimum diversion rate,50% minimum diversion rate,75% minimum diversion rate,80% minimum diversion rate,1,"CALGreen Section 5.408.1 requires commercial construction, additions, and alterations to divert at least 65 percent of nonhazardous construction and demolition debris away from landfills."
Gemini-generated-q42,Gemini-generated,area4,42,"Under CALGreen nonresidential mandatory provisions (Section 5.410.2), what minimum building square footage threshold triggers the requirement for building commissioning?","10,000 square feet and greater","5,000 square feet and greater","20,000 square feet and greater","50,000 square feet and greater",1,"Under CALGreen Section 5.410.2, building commissioning is mandatory for newly constructed nonresidential buildings of 10,000 square feet or larger."
Gemini-generated-q43,Gemini-generated,area4,43,"An architect is designing an addition to a commercial retail facility in California. Under CBC Chapter 11B Section 11B-202.4, when the total construction cost exceeds the annual accessibility valuation threshold, what is the maximum required expenditure for the path-of-travel obligation?",The path-of-travel improvements are not capped and must provide full compliance regardless of cost,The expenditure is capped at 20% of the adjusted construction cost,The expenditure is capped at 10% of the gross building valuation,"The expenditure is capped at a flat $50,000 allowance",1,"Under CBC § 11B-202.4, Exception 8, when an alteration's valuation exceeds the annual threshold, the path-of-travel obligation is not limited by the 20% cap and must achieve complete accessibility compliance for the path of travel."
Gemini-generated-q44,Gemini-generated,area5,44,"Under California Civil Code § 8200, which construction entity is legally REQUIRED to serve a Preliminary 20-Day Notice to the owner, direct contractor, and construction lender to protect their mechanic's lien rights?","Subcontractors, material suppliers, and design professionals who do not have a direct contract with the owner",The direct general contractor holding a prime contract with the property owner,The licensed architect who executed a direct written contract with the property owner,A municipal building inspector issuing the final certificate of occupancy,1,"Under Civil Code § 8200, claimants who do not have a direct contractual relationship with the property owner (e.g., subcontractors, lower-tier suppliers) must serve a Preliminary 20-Day Notice to preserve mechanic's lien rights."
Gemini-generated-q45,Gemini-generated,area5,45,"An architect serves a Design Professional Lien under California Civil Code § 8410. If the landowner fails to commence construction or pay the architectural fee, within how many days after recording the design lien must the architect file a lawsuit to enforce the lien?",Within 90 days after the recordation of the design professional lien,Within 30 days after the recordation of the design professional lien,Within 60 days after recording a Notice of Default,Within 1 year from the date the design drawings were approved by the city,1,"Under California Civil Code § 8412, a design professional must commence an action to enforce the lien within 90 days after the date on which the lien was recorded; otherwise, the lien expires and is unenforceable."
Gemini-generated-q46,Gemini-generated,area5,46,"Following substantial completion of a private commercial project, the owner records a formal Notice of Completion with the County Recorder. Under California Civil Code § 8414, how many days does a direct contractor have to record a mechanic's lien?",60 days from the date of recordation of the Notice of Completion,30 days from the date of recordation of the Notice of Completion,90 days from the date of recordation of the Notice of Completion,120 days from the date of final inspection,1,"Under Civil Code § 8414, when an owner records a valid Notice of Completion or Notice of Cessation, the deadline for a direct (prime) contractor to record a mechanic's lien is reduced from 90 days down to 60 days."
Gemini-generated-q47,Gemini-generated,area5,47,"Under California Civil Code § 8414, when a valid Notice of Completion is recorded, how many days do subcontractors and material suppliers have to record their mechanic's liens?",30 days from the date of recordation of the Notice of Completion,60 days from the date of recordation of the Notice of Completion,90 days from the date of recordation of the Notice of Completion,15 days from the date of final inspection,1,"Civil Code § 8414 reduces the mechanic's lien recording deadline for claimants other than direct contractors (e.g., subcontractors, materialmen) from 90 days to 30 days after the recording of a Notice of Completion."
Gemini-generated-q48,Gemini-generated,area5,48,"Under California Civil Code § 8800 (Prompt Payment Statute), within how many days after receiving an undisputed pay application must a direct contractor pay progress payments to a subcontractor?",Within 7 days of receiving payment from the owner,Within 10 days of receiving payment from the owner,Within 30 days of receiving payment from the owner,Within 14 days of the architect's certification,1,"Under California Civil Code § 8800 and Business & Professions Code § 7108.5, prime contractors must disburse progress payments to subcontractors within 7 days of receiving funds from the owner, subject to a 2% monthly penalty for wrongful withholding."
Gemini-generated-q49,Gemini-generated,area5,49,"Under California Public Contract Code § 10160+, which method is standard for competitively bidding state and local public works construction contracts?","The contract must be awarded to the lowest responsive, responsible bidder following public advertisement",The public entity may negotiate privately with any contractor holding an active Class B license,The architect selects the contractor based solely on qualifications and design aesthetics,The contract is awarded to the highest scoring bidder based on an undisclosed point matrix,1,California Public Contract Code mandates that public works projects be advertised publicly and awarded to the lowest responsive (compliant bid) and responsible (qualified/capable) bidder.
Gemini-generated-q50,Gemini-generated,area5,50,"On a public works project in California, a subcontractor is not being paid by the general contractor. Because mechanic's liens cannot be placed on public property, what statutory remedy must the subcontractor utilize to freeze undisbursed project funds?",A Stop Payment Notice served on the public entity owner,A Design Professional Lien recorded against the city hall parcel,An immediate injunction filed with the California Architects Board,A Notice of Non-Responsibility posted at the job site,1,"Under California Civil Code § 8500+, a Stop Payment Notice is the primary statutory vehicle to freeze construction loan or undisbursed public project funds in the hands of the owner or lender."
Gemini-generated-q51,Gemini-generated,area5,51,"Under California Civil Code § 8132, which statutory form must a contractor or supplier sign when receiving a progress payment to release lien rights strictly through the date noted, without releasing retention or future work?",Conditional Waiver and Release on Progress Payment,Unconditional Waiver and Release on Progress Payment,Conditional Waiver and Release on Final Payment,Unconditional Waiver and Release on Final Payment,1,"Civil Code § 8132 defines the mandatory language for a Conditional Waiver and Release on Progress Payment, which discharges lien rights only once the check clears and only up to the specific pay period date."
Gemini-generated-q52,Gemini-generated,area5,52,"An owner discovers that a tenant has begun unpermitted construction within a leased commercial shell building. Under California Civil Code § 8444, what must the building owner record and post within 10 days to shield the property against mechanic's liens?",A Notice of Non-Responsibility,A Notice of Cessation,A Notice of Completion,A Stop Payment Notice,1,Civil Code § 8444 allows a property owner to avoid liability for tenant-initiated improvements by posting a Notice of Non-Responsibility on the site and recording a copy within 10 days of obtaining knowledge of the work.
Gemini-generated-q53,Gemini-generated,area5,53,"Under California Code of Civil Procedure § 337.15, what is the absolute statute of repose for filing a legal action against an architect for latent (hidden) construction defects?",10 years after substantial completion of the development or improvement,4 years after discovery of the defect,3 years from the date of certificate of occupancy,7 years under standard commercial warranty guidelines,1,"Under CCP § 337.15, no action may be brought against an architect or contractor for latent deficiency in design or construction more than 10 years after the substantial completion of the project."
Gemini-generated-q54,Gemini-generated,area1,54,"Under California Business and Professions Code § 5536, what penalty may be assessed against an individual who practices architecture without an active California license?","Guilty of a misdemeanor punishable by a fine of $100 to $1,000, imprisonment in county jail up to one year, or both",A civil infraction resulting solely in an administrative warning letter from the local building department,An automatic felony charge with a mandatory three-year sentence in state prison,Revocation of general commercial business licenses issued by the California Secretary of State,1,"BPC § 5536 establishes that practicing architecture or using the title 'architect' without a valid license is a misdemeanor punishable by a fine between $100 and $1,000, imprisonment in a county jail not exceeding one year, or both."
Gemini-generated-q55,Gemini-generated,area1,55,"Under California Government Code § 65589.5 (Housing Accountability Act), when can a municipal planning commission legally disapprove an affordable housing development project that complies with objective general plan standards?","Only if the city makes written findings based on substantial evidence that the project would have a specific, adverse impact upon public health or safety that cannot be mitigated",Whenever a supermajority of neighborhood residents at a public hearing sign a petition in opposition,Whenever the local planning staff determines that the proposed exterior architectural aesthetic does not match adjacent homes,If the municipality has already achieved 50% of its regional housing allocation for that calendar year,1,"Under Gov. Code § 65589.5(d), a local agency cannot deny an affordable housing development unless it finds, based on a preponderance of the evidence, that the project would create a specific, adverse, unavoidable impact on public health or safety."
Gemini-generated-q56,Gemini-generated,area1,56,An architect is negotiating a client contract for a multi-family apartment building. The client insists on deleting the statutory California Architects Board disclosure statement. How should the architect proceed under BPC § 5536.22?,"Refuse to delete the statement, as its inclusion is a non-waivable statutory requirement under the Architects Practice Act",Agree to delete it provided the client executes a notarized waiver of consumer rights,Replace the statement with a general disclaimer referencing the American Institute of Architects,Omit the statement but submit a formal notification of contract execution to CAB within 30 days,1,BPC § 5536.22(a)(5) mandates that all written contracts include the CAB disclosure statement; parties cannot legally contract out of or waive compliance with the Architects Practice Act.
Gemini-generated-q57,Gemini-generated,area1,57,"Under California Business and Professions Code § 5536.22, if an architect is retained to provide professional services during an emergency situation declared by the Governor, what rule applies to the written contract mandate?","The requirement for a written agreement is temporarily waived during the emergency, provided work is billed at standard rates",The architect must execute a written agreement within 24 hours or suspend all emergency architectural efforts,The architect is strictly prohibited from rendering emergency structural evaluations without prior CAB board clearance,"A written contract is required immediately, but all statutory consumer notice clauses are omitted",1,BPC § 5536.22(b)(2) explicitly exempts professional architectural services rendered during an emergency declared by the Governor or state authorities from the prior written agreement requirement.
Gemini-generated-q58,Gemini-generated,area1,58,"Under California Business and Professions Code § 5580, on what grounds may the California Architects Board suspend or revoke an architect's license regarding fraudulent advertising?","Making knowingly false or misleading representations regarding professional qualifications, firm experience, or licensure",Using social media platforms to display photographs of completed commercial construction projects,Omitting the firm's physical street address on job-site rendering boards and promotional banners,Failing to publish hourly billing rate schedules in local print newspapers or online periodicals,1,"BPC § 5580 states that the board may discipline, suspend, or revoke a license for practicing fraud or deceit in advertising, or for making false or misleading statements regarding experience, qualifications, or architectural registrations."
Gemini-generated-q59,Gemini-generated,area1,59,"Under California law, what is the legal difference between an architect acting as a professional agent of the owner versus acting as an independent contractor?","As an owner's agent, the architect has limited legal authority to bind the owner within contract administration, whereas design drawings are produced as an independent contractor",An architect is always an employee of the owner and owes strict fiduciary duties identical to a trustee,Acting as an agent makes the architect personally liable for all construction debt incurred by the general contractor,An independent contractor cannot stamp instruments of service or file building permit applications,1,"In standard California architectural agreements, the architect acts as an independent contractor when developing drawings and specifications, but assumes limited agency power during construction administration when authorized to represent the owner."
Gemini-generated-q60,Gemini-generated,area1,60,"Under California Code of Regulations Title 16 § 134, what is required when an architect applies their professional seal to electronic documents submitted for digital plan check?","The document must bear the digital image of the architect's stamp, signature, license number, and expiration date",The architect must mail physical notarized paper duplicates of all drawings to the city clerk within 5 days,The local building official must apply a cryptographic decryption key issued by the California Architects Board,The electronic drawing file must be converted into a read-only CAD format prohibiting any layered printing,1,"CCR Title 16 § 134 permits electronic stamping provided the mark contains the architect's full name, license number, expiration date, 'State of California', and an electronic signature conforming to state digital signature criteria."
Gemini-generated-q61,Gemini-generated,area1,61,"Under California Civil Code § 8400+, which prerequisite MUST occur before an architect can record a Design Professional Lien against a property for unpaid design services?",A building permit or other entitlement for the work of improvement must have been issued by the public agency,The general contractor must have poured the primary structural concrete building foundations,The owner must record a formal Notice of Default in the county records where the land is located,The architect must receive written approval from the California Architects Board to attach a real property lien,1,"Civil Code § 8410 states that a design professional lien cannot be recorded unless a building permit or other work authorization has been issued by the public agency, and the owner has defaulted on the written contract."
Gemini-generated-q62,Gemini-generated,area1,62,"Under the California Density Bonus Law (Gov. Code § 65915), how many development concessions or incentives is a project entitled to if it includes 15% very-low-income residential units?",Two incentives or concessions,One incentive or concession,Three incentives or concessions,Four incentives or concessions,1,"Under Government Code § 65915(d)(2), dedicating 15% of the total units for very-low-income households entitles the project applicant to receive two statutory development incentives or concessions."
Gemini-generated-q63,Gemini-generated,area1,63,"Under the California Architects Practice Act (BPC § 5584), which action is legally classified as 'incompetence' in the practice of architecture?","A demonstrated lack of knowledge, ability, or fitness to perform the professional duties ordinarily expected of an architect",Billing a client on a percentage of construction cost method rather than a stipulated fixed sum,Submitting an RFI response three days later than the timeline requested by the general contractor,Failing to secure a LEED Platinum certification when the initial contract specified LEED Gold,1,"CAB Disciplinary Guidelines define incompetence as a serious lack of technical ability, legal qualification, or fitness to discharge the required duties of a licensed design professional, distinct from occasional ordinary error."
Gemini-generated-q64,Gemini-generated,area1,64,"An architect forms a partnership with an unlicensed interior designer to provide design-build services. Under BPC § 5536, what restriction applies to the commercial name of the business entity?",The entity cannot include the word 'architect' or 'architecture' in its title unless a licensed architect is identified as a partner,The entity can use any title provided the interior designer holds an active state business license,The firm must be named exclusively after the unlicensed partner to avoid confusion with professional corporations,The partnership must register with the Division of the State Architect before executing commercial contracts,1,BPC § 5536 and § 5539 state that a partnership or firm cannot use 'architect' or 'architecture' in its title unless any non-architect partners are identified and licensed architects retain responsible control of all architectural services.
Gemini-generated-q65,Gemini-generated,area1,65,"Under California law, an architect is retained to provide feasibility studies for an affordable housing project funded through HCD. Which HCD grant program coordinates with local agencies to fund transit-oriented affordable housing?",Affordable Housing and Sustainable Communities (AHSC) Program,California Coastal Conservancy Transit Infrastructure Fund,State Educational Facilities Mitigation Block Grant,Division of the State Architect Sustainable Infrastructure Fund,1,"The Affordable Housing and Sustainable Communities (AHSC) program, administered by the Strategic Growth Council and implemented by HCD, funds land-use and transportation housing projects reducing greenhouse gases."
Gemini-generated-q66,Gemini-generated,area1,66,"An architect prepares project estimates during schematic design. In California, if a client's budget is fixed by public bond covenants and all competitive bids come in over budget, what is the architect's duty under standard contract terms?",Redesign the project at no additional fee to bring construction costs within the established budget limit,Compensate the public agency for the financial difference using professional liability insurance,Resign from the commission and forfeit all professional fees earned during schematic design,Issue an administrative appeal directly to the California Department of General Services,1,"Under standard professional agreements (such as modified AIA B101/B201 in CA public practice), if competitive bids exceed the agreed project budget, the architect must modify drawings and specifications without additional fee."
Gemini-generated-q67,Gemini-generated,area1,67,"Under California Business and Professions Code § 5550.3, what information regarding exam scores is considered confidential and protected from public record release by the California Architects Board?",Individual candidate test scores and specific examination performance history,The list of names of candidates who successfully pass the California Supplemental Exam,The passing score percentage determined by the Board's psychometric testing committee,The total number of candidates who sit for the CSE across a given calendar year,1,"BPC § 5550.3 establishes that examination scores, questions, and specific scoring histories of individual applicants are confidential records exempt from disclosure under the California Public Records Act."
Gemini-generated-q68,Gemini-generated,area1,68,"Under California Government Code § 65863 (No-Net-Loss Law), what is a municipality prohibited from doing regarding parcels identified in its Housing Element?",Downzoning or reducing the allowable residential density below what is required to accommodate its remaining RHNA share,Approving commercial office developments on any site within five miles of a regional train station,Requiring residential projects to comply with local setback and parking zoning ordinances,Granting density bonuses to private developers exceeding 50% of the baseline density,1,Gov. Code § 65863 (No-Net-Loss) prohibits local jurisdictions from reducing density or approving lower-density housing on parcels identified in the Housing Element unless adequate replacement capacity is designated elsewhere.
Gemini-generated-q69,Gemini-generated,area1,69,"Under the California Architects Practice Act, which professional role may an unlicensed employee perform within an architectural firm?",Preparing architectural drawings and technical specifications under the direct supervision and responsible control of a licensed architect,Stamping and signing permit documents for single-family residences using the firm's corporate seal,Conducting independent structural reviews and executing building permit submittal forms as architect-of-record,Representing the firm as a licensed partner during formal municipal planning commission testimony,1,"BPC § 5536.1 allows non-licensed staff to draft plans, specifications, and instruments of service, provided they work under the direct supervision, responsible control, and personal direction of a licensed California architect."
Gemini-generated-q70,Gemini-generated,area1,70,"When an architect enters into a contract with a public school district for design services funded under the Leroy F. Greene School Facilities Act, which agency must approve the project plans before construction contracts are awarded?",The Division of the State Architect (DSA),The Department of Housing and Community Development (HCD),The California Energy Commission (CEC),The Governor's Office of Planning and Research (OPR),1,"Under California Education Code § 17070+ and Title 24, all state-funded public school projects under the Leroy F. Greene Act must receive plan approval from the Division of the State Architect (DSA) prior to contract letting."
Gemini-generated-q71,Gemini-generated,area2,71,"Under CEQA Guidelines § 15162, when is a Lead Agency legally REQUIRED to prepare a Subsequent Environmental Impact Report (Subsequent EIR) rather than an Addendum?",When substantial changes occur in the project or circumstances that result in new significant environmental impacts not analyzed in the prior EIR,Whenever the project ownership transfers to a different private real estate development entity,Whenever neighbors file an administrative appeal objecting to minor changes in exterior building elevations,If more than 12 months have elapsed between the certification of the original EIR and permit issuance,1,"Under CEQA Guidelines § 15162, a Subsequent EIR is required only when substantial changes in the project or circumstances will result in new significant environmental effects or a substantial increase in the severity of previously identified effects."
Gemini-generated-q72,Gemini-generated,area2,72,"Under CEQA Guidelines § 15164, when may a Lead Agency prepare an Addendum to an Environmental Impact Report?","When minor technical changes or additions are necessary, but none of the conditions calling for a Subsequent EIR have occurred",Whenever the applicant wishes to bypass mandatory 45-day public review on an entirely new project,Only when a court orders the agency to re-evaluate structural fire safety standards,Whenever a project is granted a categorical exemption by the local planning commission,1,"An Addendum to an EIR (or MND) is used under CEQA Guidelines § 15164 when only minor technical modifications or explanations are needed, and no new significant environmental impacts are created."
Gemini-generated-q73,Gemini-generated,area2,73,"Under CEQA, what is the primary purpose of 'Tiering' an environmental impact report (PRC § 21093)?",To use a broad program-level EIR for general policies and focus subsequent project-level EIRs solely on specific site impacts,To rank subcontractors bidding on public works based on their environmental compliance track record,To classify hazardous waste sites according to cleanup priority under Department of Toxic Substances Control,To establish a multi-tiered fee schedule for filing Notices of Determination with county clerks,1,"CEQA tiering allows a lead agency to rely on a broad general-plan or program EIR for regional cumulative analysis, concentrating future project-level EIRs narrowly on site-specific environmental issues."
Gemini-generated-q74,Gemini-generated,area2,74,"Under CEQA Guidelines § 15063, within how many days must a Lead Agency complete an Initial Study after determining an application for a private development project is complete?",Within 30 calendar days,Within 60 calendar days,Within 90 calendar days,Within 14 calendar days,1,"Under CEQA Guidelines § 15063(a) and Public Resources Code § 21080.2, the lead agency must conduct an Initial Study within 30 days of determining that an application for a development project is complete."
Gemini-generated-q75,Gemini-generated,area2,75,Which document must an architect review to verify whether a project site is listed on California's official hazardous waste and substance sites database prior to claiming a CEQA Categorical Exemption?,The Cortese List maintained under California Government Code § 65962.5,The National Register of Historic Places maintained by the National Park Service,The California Geological Survey Seismic Hazard Zone Map series,The Department of Housing and Community Development Annual Progress Report,1,"Under CEQA Guidelines § 15300.2(e), projects located on sites included on the state 'Cortese List' (Gov. Code § 65962.5, tracking hazardous waste facilities and contaminated groundwater sites) cannot receive categorical exemptions."
Gemini-generated-q76,Gemini-generated,area2,76,"Under CEQA, which of the following actions is legally categorized as a 'Statutory Exemption' enacted by the California Legislature?",Feasibility and planning studies for possible future agency actions that have not yet been approved,Minor alterations to existing private commercial structures not involving any expansion,New construction of small structures such as single-family homes or duplexes,Infill development projects conforming with local municipal general plans,1,"Statutory exemptions (CEQA Guidelines § 15260–§ 15285) are enacted by statute, including ministerial projects, feasibility studies, emergency projects, and mass transit passenger service extensions."
Gemini-generated-q77,Gemini-generated,area2,77,"Under the California Coastal Act, what constitutes an 'Environmentally Sensitive Habitat Area' (ESHA)?","Any area where plant or animal life or their habitats are rare or especially valuable, and easily disturbed by human activities","Any shoreline parcel located within 1,000 feet of an operational commercial marine harbor",Any agricultural land used for growing wine grapes or seasonal commercial row crops,Any urban infill parcel located within the boundaries of a regional metropolitan transit district,1,PRC § 30107.5 defines an ESHA as any area in which plant or animal life or their habitats are either rare or especially valuable because of their special nature or role in an ecosystem and which could be easily degraded by human activities.
Gemini-generated-q78,Gemini-generated,area2,78,"Under the California Coastal Act (PRC § 30600), what type of development in the Coastal Zone is statutorily EXEMPT from obtaining a Coastal Development Permit?","Maintenance dredging of existing navigation channels not exceeding 100,000 cubic yards within a 12-month period",Construction of a new three-story beachfront hotel and conference pavilion,"Grading of more than 5,000 cubic yards of coastal bluff sediment for roadway realignment",Subdivision of an undeveloped 50-acre parcel into individual residential estate lots,1,PRC § 30610(c) explicitly exempts maintenance dredging of existing navigation channels (pursuant to Army Corps authorization) from the requirement to obtain a coastal development permit.
Gemini-generated-q79,Gemini-generated,area2,79,An architect is designing a commercial project that will discharge treated stormwater into a municipal separate storm sewer system (MS4). Which entity enforces MS4 National Pollutant Discharge Elimination System permits in California?,The local Regional Water Quality Control Board (RWQCB),The California Department of Housing and Community Development (HCD),The California Architects Board Enforcement Division,The State Clearinghouse under the Governor's Office of Planning and Research,1,"The nine Regional Water Quality Control Boards (RWQCBs), overseen by the State Water Resources Control Board, enforce MS4 permits and issue Waste Discharge Requirements throughout California."
Gemini-generated-q80,Gemini-generated,area2,80,"Under California Fish and Game Code § 1602, what is the mandatory trigger that requires an architect or civil engineer to submit an LSA Notification to the California Department of Fish and Wildlife?","Any activity that will divert, obstruct, or substantially alter the natural flow or bed, channel, or bank of a river, stream, or lake",Any building construction project within 2 miles of a designated municipal bird sanctuary,Any commercial development that connects to a municipal reclaimed wastewater utility loop,Any project that requires an Environmental Impact Report certified by a county board of supervisors,1,"Fish and Game Code § 1602 requires notification to CDFW prior to commencing any activity that will substantially divert, obstruct, or change the natural bed, channel, or bank of any river, stream, or lake."
Gemini-generated-q81,Gemini-generated,area2,81,"Under California Government Code § 65906, can a municipal zoning variance be granted to authorize a use or activity that is NOT otherwise expressly permitted in the underlying zoning district?","No, California law strictly prohibits granting 'use variances' that authorize land uses not permitted in the zone","Yes, planning commissions have statutory authority to approve use variances upon a showing of financial hardship","Yes, provided the applicant files a Mitigated Negative Declaration under CEQA guidelines",Only if the property is located in an unincorporated county territory rather than an incorporated city,1,Government Code § 65906 specifically mandates that a variance shall not be granted for a parcel of property which authorizes a use or activity which is not otherwise expressly authorized by the zone regulation (no 'use variances' in CA).
Gemini-generated-q82,Gemini-generated,area2,82,"Under the Subdivision Map Act (Gov. Code § 66410+), which legal instrument is required to subdivide a parcel of real property into FIVE or more residential lots?",A Tentative and Final Subdivision Map,A Parcel Map exclusively reviewed by the building department,A Conditional Use Permit recorded with the Secretary of State,A Categorical Exemption Certificate approved by the city engineer,1,"Under the Subdivision Map Act, a subdivision creating five or more parcels requires a Tentative and Final Map, whereas subdivisions creating four or fewer parcels are governed by Parcel Maps."
Gemini-generated-q83,Gemini-generated,area2,83,"Under the California Environmental Quality Act, what constitutes an 'Initial Study' (CEQA Guidelines § 15063)?","A preliminary analysis conducted by the Lead Agency to determine whether an EIR, Negative Declaration, or MND must be prepared",A financial audit assessing whether a project has secured sufficient private capital to complete construction,A structural engineering survey measuring building slab settlement against ASCE 7 tolerances,A soil boring report certified by the California Geological Survey prior to grading permit release,1,"CEQA Guidelines § 15063 defines an Initial Study as a preliminary analysis prepared by the lead agency to determine whether an EIR or a Negative Declaration must be prepared, or to identify impacts to be analyzed in an EIR."
Gemini-generated-q84,Gemini-generated,area2,84,"When a Lead Agency issues a Notice of Preparation (NOP) for an Environmental Impact Report, who must receive copies under CEQA Guidelines § 15082?","The State Clearinghouse, each Responsible Agency, Trustee Agencies, and involved federal agencies",Every licensed architect residing within the incorporated limits of the host municipality,Only the local municipal fire department and city building official,The California Architects Board and Department of Consumer Affairs,1,"CEQA Guidelines § 15082 requires the Lead Agency to send the Notice of Preparation (NOP) to the State Clearinghouse, all Responsible and Trustee Agencies, and any federal agencies involved in approving the project."
Gemini-generated-q85,Gemini-generated,area2,85,"Under California planning law, what legal requirement ensures that a city's zoning ordinances remain enforceable?",The zoning ordinance must be consistent with the comprehensive local General Plan,The zoning code must be reviewed and re-approved by the Governor's Office of Planning and Research every 2 years,The zoning map must match MasterFormat specifications adopted by CSI,All commercial zoning districts must conform to federal architectural accessibility guidelines,1,California Government Code § 65860 mandates that local zoning ordinances must be strictly consistent with the local General Plan; an inconsistent zoning ordinance is invalid and voidable.
Gemini-generated-q86,Gemini-generated,area2,86,"Under CEQA, what is the mandatory public review period for a proposed Negative Declaration or Mitigated Negative Declaration that is submitted to the State Clearinghouse?",30 calendar days,14 calendar days,45 calendar days,60 calendar days,1,"Under CEQA Guidelines § 15105(b), the public review period for a Negative Declaration or Mitigated Negative Declaration is 30 days when submitted to the State Clearinghouse (20 days if local agency review only)."
Gemini-generated-q87,Gemini-generated,area2,87,"Under the California Coastal Act, what is the width of the Coastal Zone along significant coastal estuarine, sanctuary, and recreational areas?",Extending inland up to 5 miles from the mean high tide line,"Exactly 1,000 yards inland in all locations statewide without exception",A uniform 500-foot band running along the high-water wave mark,Extending inland up to the summit of the Sierra Nevada mountain range,1,"Under PRC § 30103, the coastal zone generally extends seaward to the state's outer limit of jurisdiction, inland 1,000 yards, and in significant coastal estuarine, habitat, and recreational areas extends inland up to 5 miles."
Gemini-generated-q88,Gemini-generated,area2,88,"Which state agency exercises permit jurisdiction over structures built within, over, or adjacent to state-owned sovereign tidal and submerged waterways in California?",California State Lands Commission (SLC),California Department of Transportation (Caltrans),Division of the State Architect (DSA),Department of Housing and Community Development (HCD),1,"The California State Lands Commission manages and protects sovereign public trust lands, waterways, and submerged lands beneath tidal and navigable waters of the state."
Gemini-generated-q89,Gemini-generated,area2,89,"Under CEQA Guidelines § 15088, what must a Lead Agency provide regarding written comments received on a Draft Environmental Impact Report during the public review period?","Detailed written responses addressing significant environmental issues raised, included within the Final EIR",An immediate rejection letter explaining that public comments are advisory only,A revised architectural drawing set signed and sealed by the architect-of-record,A refund voucher for local municipal planning application processing fees,1,"CEQA Guidelines § 15088 mandates that the Lead Agency evaluate and provide written responses to all substantive environmental comments received on the Draft EIR, which must be incorporated into the Final EIR."
Gemini-generated-q90,Gemini-generated,area2,90,"Under the Alquist-Priolo Earthquake Fault Zoning Act, what threshold of building alteration triggers mandatory geotechnical investigation for active surface fault traces?",Alterations or additions that exceed 50 percent of the value of the structure,"Any interior alteration exceeding $10,000 in total construction valuation",Any addition that adds at least one new exterior accessible pedestrian ramp,Only conversions of commercial office buildings into residential dwelling units,1,"Under Public Resources Code § 2621.6 and 14 CCR § 3601, additions or alterations to existing structures that exceed 50 percent of the value of the structure are subject to Alquist-Priolo fault investigations."
Gemini-generated-q91,Gemini-generated,area4,91,"Under CBC Chapter 11A, what is the minimum clear opening width required for interior doorway openings serving accessible rooms within covered multi-family dwelling units?",32 inches clear width with the door open 90 degrees,28 inches clear width,36 inches clear width,30 inches clear width,1,CBC Chapter 11A Section 1132A.1 requires interior doorways within covered dwelling units to provide a minimum clear opening width of 32 inches measured between the face of the door and the stop when opened to 90 degrees.
Gemini-generated-q92,Gemini-generated,area4,92,"Under CBC Chapter 11A (Housing and Community Development accessibility regulations), what is the minimum required interior clearance between base cabinets in a U-shaped kitchen layout?",60 inches minimum clearance between opposing cabinet faces,48 inches minimum clearance,36 inches minimum clearance,40 inches minimum clearance,1,"CBC Chapter 11A Section 1133A.2.1 mandates that U-shaped kitchens in covered multi-family dwelling units maintain a minimum clearance of 60 inches between opposing base cabinets, countertops, or walls."
Gemini-generated-q93,Gemini-generated,area4,93,"Under CALGreen (Title 24 Part 11) Section 5.303, nonresidential building additions and alterations must achieve what mandatory indoor water reduction percentage compared to baseline calculations?",A 20 percent reduction in indoor potable water usage,A 10 percent reduction in indoor potable water usage,A 35 percent reduction in indoor potable water usage,A 50 percent reduction in indoor potable water usage,1,CALGreen Section 5.303.2 requires commercial additions and alterations to reduce indoor potable water consumption by 20 percent below the calculated baseline standard using water-conserving plumbing fixtures.
Gemini-generated-q94,Gemini-generated,area4,94,"Under CALGreen (Title 24 Part 11) Section 5.106.5.3, what electrical infrastructure is required for an 'EV Capable' parking space in a commercial parking lot?","Listed raceway, electrical panel space, and capacity to support a future minimum 40-amp 208/240V branch circuit",A fully energized Level 2 charging station installed and operational before building final,A standard 15-amp exterior GFCI electrical receptacle mounted on a pole,A direct photovoltaic solar circuit connected into a battery storage bank,1,"CALGreen Chapter 2 defines 'EV Capable' as having designated raceway, panelboard space, and electrical capacity installed to support future EV supply equipment (minimum 40-ampere 208/240-volt branch circuit)."
Gemini-generated-q95,Gemini-generated,area4,95,"Under CBC Chapter 17 (Special Inspections), which construction assembly in a high seismic region requires continuous special inspection during field placement?","Structural concrete placement exceeding 2,500 psi compressive strength and high-strength structural bolting",Installation of interior non-loadbearing drywall framing in commercial tenant spaces,Application of interior latex paints complying with SCAQMD VOC limits,Placement of gravel base courses beneath standard exterior concrete walkways,1,CBC Section 1705.3 mandates continuous special inspection during the placement of structural concrete in seismic design categories and during high-strength bolting and structural welding operations.
Gemini-generated-q96,Gemini-generated,area5,96,"Under California Civil Code § 8416, which document must be served upon the property owner via registered mail concurrently with recording a Mechanic's Lien in the County Recorder's office?",A Notice of Mechanic's Lien and an executed Proof of Service Affidavit,A copy of the architect's professional liability insurance certificate,A formal demand letter signed by the presiding judge of the superior court,A copy of the local municipal building permit and stamped plan set,1,Civil Code § 8416 requires that a claimant serve a copy of the recorded Mechanic's Lien together with a statutory 'Notice of Mechanic's Lien' on the property owner via registered mail and attach a proof of service affidavit.
Gemini-generated-q97,Gemini-generated,area5,97,"Under California Civil Code § 8420, if a claimant records a mechanic's lien against a commercial property, within how many days must a lawsuit to foreclose on that lien be filed?",Within 90 days after recording the lien,Within 30 days after recording the lien,Within 60 days after the owner issues a demand,Within 1 year after the completion of the project,1,"Civil Code § 8420 and § 8460 establish that an action to enforce (foreclose) a mechanic's lien must be commenced in court within 90 days after the date on which the lien was recorded, or the lien becomes null and void."
Gemini-generated-q98,Gemini-generated,area5,98,"Under California Civil Code § 8480, what may a property owner do if a mechanic's lien claimant fails to file an action to foreclose the lien within the 90-day statutory period?",Petition the superior court for an order releasing the property from the expired lien and recover attorney fees,Automatically withhold 100% of progress payments from all other active site subcontractors,Request that the California Architects Board revoke the claimant's professional license,Issue an administrative citation through the local county tax assessor,1,"Under Civil Code § 8480, if a lien expires because no foreclosure suit was filed within 90 days, the owner may petition the court for an expedited decree releasing the property, with the prevailing party awarded reasonable attorney fees."
Gemini-generated-q99,Gemini-generated,area5,99,"Under California Public Contract Code § 4107, under what condition may a prime general contractor substitute a subcontractor listed in their accepted public works bid?","Only with written consent of the awarding public authority after proving statutory grounds (e.g., subcontractor failure or refusal to execute a contract)",At any time the prime contractor discovers a lower-priced competitor willing to perform the work,Whenever the project architect issues an RFI altering the interior finishes schedule,Whenever the subcontractor requests progress payments in accordance with standard billing intervals,1,"PCC § 4107 prohibits subcontractor substitution without written consent of the awarding public authority, granted only for specific statutory reasons such as bankruptcy, failure to execute a subcontract, or license revocation."
Gemini-generated-q100,Gemini-generated,area5,100,"Under California Civil Code § 8508, what is the legal effect of a Stop Payment Notice served on a public works project in California?",It obligates the public entity to withhold from the direct contractor sufficient funds to satisfy the claimant's claim,It prevents the public owner from using the facility until all labor disputes are settled in court,It places an immediate real estate foreclosure encumbrance against the municipal city hall parcel,It forces the public authority to cancel the general contractor's performance and payment bonds,1,Civil Code § 8508 establishes that receipt of a Stop Payment Notice legally obligates the public entity to withhold sufficient funds from payments due the direct contractor to satisfy the unpaid claimant's stop notice claim.
Gemini-generated-q101,Gemini-generated,area5,101,"Under California Civil Code § 8134, which statutory form must a subcontractor execute to release all mechanics lien and stop payment rights upon receipt of the FINAL progress payment after the check has cleared?",Unconditional Waiver and Release on Final Payment,Conditional Waiver and Release on Progress Payment,Unconditional Waiver and Release on Progress Payment,Notice of Non-Responsibility,1,"Civil Code § 8134 provides the mandatory language for an Unconditional Waiver and Release on Final Payment, which extinguishes all lien and stop notice claims once final payment has been cleared by the paying bank."
Gemini-generated-q102,Gemini-generated,area5,102,"Under California Public Contract Code § 7107, what is the maximum percentage of retention proceeds a public agency may withhold from a prime contractor on a public works construction contract?","Not more than 5 percent of the contract price, unless the project is determined to be substantially complex",Not more than 10 percent of the contract price under standard conditions,Not more than 2 percent of the contract price,No retention withholding is legally permitted on public works contracts in California,1,"PCC § 7107 caps retention proceeds withheld from progress payments on state and local public works contracts at 5 percent, unless the agency formally finds before bid advertisement that the project is substantially complex."
Gemini-generated-q103,Gemini-generated,area5,103,"Under California Civil Code § 8814, if there is a good faith dispute over an amount due to a subcontractor from retention, what maximum percentage of the disputed amount may the direct contractor withhold?",Up to 150 percent of the estimated value of the disputed amount,Up to 100 percent of the disputed amount,Up to 200 percent of the disputed amount,No funds may be withheld if a preliminary notice was served within 20 days,1,"Civil Code § 8814(c) provides that in the event of a bona fide dispute between the direct contractor and subcontractor, the contractor may withhold from retention an amount not to exceed 150 percent of the estimated value of the disputed amount."
Gemini-generated-q104,Gemini-generated,area5,104,"Under AIA Document A201 as interpreted in California construction litigation, what is the consequence if an owner occupies or takes possession of a project prior to formal Substantial Completion?","Such occupancy constitutes substantial completion and initiates the warranty period, unless otherwise agreed in writing",The general contractor forfeits all remaining unpaid retainage funds held in escrow,The project is deemed an illegal occupancy subject to immediate structural condemnation by the CAB,The architect's professional liability insurance policy is voided automatically,1,"Under A201 § 9.9.1, partial occupancy or use of a project by the owner constitutes constructive substantial completion for that portion of the work and initiates the applicable warranty and statute of limitation periods."
Gemini-generated-q105,Gemini-generated,area5,105,"Under California Code of Civil Procedure § 337.1, what is the statute of limitations for bringing a lawsuit against an architect for damages caused by a 'patent' deficiency in design or construction?",Within 4 years from the date of substantial completion of the improvement,Within 10 years from the date of substantial completion of the improvement,Within 2 years from the date of discovery by the current property owner,Within 1 year from the date the certificate of occupancy was issued,1,"CCP § 337.1 sets a 4-year statute of limitations for injury or damages arising out of patent (readily observable or discoverable) construction or design defects, measured from substantial completion."
Gemini-generated-q106,Gemini-generated,area5,106,"Under California Civil Code § 8404, what is the consequence if a claimant fails to include their contractor's license number on their Preliminary 20-Day Notice?","The preliminary notice remains valid, provided all other statutory information (name, address, work description) is accurate","The preliminary notice is completely void, forfeiting all mechanic's lien rights on the project","The claimant is immediately assessed a $5,000 fine by the California Architects Board",The public agency must automatically seize the general contractor's payment bond,1,"Under Civil Code § 8404 and § 8200+, failure to include an administrative license number is a technical deficiency that does not invalidate the preliminary notice if substantial compliance and actual notice are established."
Gemini-generated-q107,Gemini-generated,area4,107,"Under CBC Chapter 7A, which standard governs exterior wildfire exposure for building materials in a designated Very High Fire Hazard Severity Zone (VHFHSZ)?",Noncombustible materials or ignition-resistant materials tested per SFM Standard 12-7A,One-hour fire resistive assembly tested per ASTM E119 only,FEMA National Flood Insurance Program structural standards,CALGreen Tier 2 exterior insulation requirements,1,"CBC Chapter 7A mandates that exterior walls, roofs, eaves, and glazed openings in a VHFHSZ comply with California State Fire Marshal (SFM) Standards (e.g., SFM 12-7A-1 through 12-7A-5) or use noncombustible/ignition-resistant materials to resist ember penetration and radiant heat."
Gemini-generated-q108,Gemini-generated,area2,108,"Under California Public Resources Code § 4291 and CalFire defensible space regulations, what is the required dimension and character of 'Zone 0' around a structure?","0 to 5 feet from the structure, maintained as an ember-resistant zone with no combustible mulch or vegetation","5 to 30 feet from the structure, designated as the 'Lean, Clean and Green' zone","30 to 100 feet from the structure, designated as the 'Reduced Fuel' zone","Within 10 feet of public roads, requiring tree thinning",1,"Zone 0 is the immediate 0 to 5 feet perimeter around the structure, designated as the ember-resistant zone where combustible materials, wood mulches, and continuous shrubs are strictly prohibited to prevent ember ignition."
Gemini-generated-q109,Gemini-generated,area2,109,"Under California's Model Water Efficient Landscape Ordinance (MWELO), at what threshold does the ordinance apply to a new commercial construction landscape project that requires a building or plan check permit?",Aggregate landscape area equal to or greater than 500 sq. ft.,"Aggregate landscape area equal to or greater than 2,500 sq. ft.","Only commercial projects exceeding 10,000 sq. ft. of turf",All projects regardless of size if located in an agricultural district,1,"MWELO applies to new construction projects with an aggregate landscape area of 500 square feet or more requiring a permit (and rehabilitated landscapes of 2,500 sq. ft. or more)."
Gemini-generated-q110,Gemini-generated,area2,110,"Under the Alquist-Priolo Earthquake Fault Zoning Act, what is the default restriction regarding placing a new structure intended for human occupancy near an active earthquake fault trace?",The building must be set back at least 50 feet from the identified active fault trace unless proven otherwise by a geologic investigation,The building may cross the fault trace if supported on seismic base isolators,No structures can be built within 500 feet of an Alquist-Priolo zone boundary,Only buildings classified as Risk Category IV are prohibited within the zone,1,The Alquist-Priolo Act assumes an active fault trace is hazardous for human occupancy structures and requires a minimum 50-foot setback unless a site-specific geologic trenching investigation establishes a different safe setback.
Gemini-generated-q111,Gemini-generated,area2,111,What is the primary difference between the Alquist-Priolo Act and the California Seismic Hazards Mapping Act?,"Alquist-Priolo regulates surface fault rupture hazards; the Seismic Hazards Mapping Act regulates earthquake-induced ground shaking, liquefaction, and landslides",Alquist-Priolo regulates high-rise buildings; Seismic Hazards Mapping regulates residential homes,Alquist-Priolo applies only to Northern California; Seismic Hazards Mapping applies statewide,Alquist-Priolo is administered by DSA; Seismic Hazards Mapping is administered by HCAI,1,"The Alquist-Priolo Earthquake Fault Zoning Act addresses surface fault rupture hazard exclusively, whereas the Seismic Hazards Mapping Act (PRC § 2690+) identifies zones subject to strong ground shaking, soil liquefaction, and earthquake-induced landslides."
Gemini-generated-q112,Gemini-generated,area4,112,What legal protection is granted to a California commercial property owner who obtains an inspection and report by a Certified Access Specialist (CASp) under California Senate Bill 1186?,A 90-day stay of court proceedings and an early evaluation conference in the event of an accessibility lawsuit,A total exemption from compliance with future California Building Code Title 24 updates,Waiver of the 20% path of travel spending obligation under Section 11B-202.4,Immunization against federal Department of Justice civil rights actions,1,"Under SB 1186 (Civil Code § 55.54), obtaining a CASp inspection report prior to being sued establishes 'qualified defendant' status, granting the owner the right to a 90-day court stay, an early settlement conference, and potential reductions in statutory minimum damages."
Gemini-generated-q113,Gemini-generated,area2,113,"According to Division of the State Architect (DSA) Interpretation of Regulations IR A-22, when is a public school modernization project exempt from DSA structural plan review?",Non-structural alterations where the estimated construction cost does not exceed the statutory threshold and the work does not affect structural elements or life-safety,"Any project under $1,000,000 regardless of structural alterations",All campus athletic fields and shade structures,Work designed and stamped by a licensed civil engineer rather than an architect,1,"Under DSA IR A-22 and Education Code § 17295, minor non-structural alterations below the annual statutory cost threshold that do not affect the lateral force-resisting system, load-bearing components, or required egress are exempt from DSA plan approval."
Gemini-generated-q114,Gemini-generated,area2,114,"An architect is designing an outpatient surgical clinic that will not have overnight patient stay beds. Under California Department of Health Care Access and Information (HCAI, formerly OSHPD) classification, what is this facility?","HCAI 3, which is reviewed by the local city/county building department rather than directly by HCAI","HCAI 1, which requires full direct HCAI field inspection and Field Act compliance","HCAI 4, which is exempt from all Title 24 provisions","HCAI 2, which requires DSA review",1,"HCAI 1 applies to acute care inpatient hospitals; HCAI 3 applies to licensed clinics (outpatient surgical, dialysis, etc.). HCAI 3 plans are reviewed and enforced by local municipal building jurisdictions using Title 24 standards, not direct HCAI staff."
Gemini-generated-q115,Gemini-generated,area1,115,"Under California Business & Professions Code § 5536.22, which specific statutory notice regarding the California Architects Board must be included in every written contract for architectural services?",A statement stating that architects are licensed and regulated by the California Architects Board along with the Board's contact information,The architect's professional liability policy number and deductible,The date the architect passed the California Supplemental Exam,"A statement that all dispute settlements over $5,000 must be arbitrated",1,"B&P Code § 5536.22(a)(8) explicitly mandates that written architectural contracts contain a prominent statement that architects are licensed and regulated by the California Architects Board, including the Board’s address and telephone number."
Gemini-generated-q116,Gemini-generated,area1,116,"To maintain an active California architect license, what mandatory continuing education coursework must licensees complete prior to each biennial renewal?",5 hours on California accessibility requirements (Title 24/ADA) and 5 hours on zero net carbon / energy design,"12 hours of general health, safety, and welfare (HSW) with no specific topics",24 hours of AIA learning units without state reporting,Only coursework in California contract law,1,California B&P Code § 5600.05 mandates 5 hours of coursework in disability access requirements and (effective recent renewals) 5 hours in Zero Net Carbon (ZNC) design as a condition of biennial license renewal.
Gemini-generated-q117,Gemini-generated,area2,117,"When an architect proposes to perform work that alters the natural flow of a river, stream, or lake in California, which state agency requires a Lake and Streambed Alteration (LSA) Agreement under Fish & Game Code § 1602?",California Department of Fish and Wildlife (CDFW),California Department of Water Resources (DWR),California Coastal Commission,State Water Resources Control Board,1,"The California Department of Fish and Wildlife (CDFW) enforces § 1602 of the Fish and Game Code, requiring notification and an LSA Agreement prior to any activity that substantially alters the bed, bank, or channel of a stream or lake."
Gemini-generated-q118,Gemini-generated,area2,118,"Under CEQA, what is the legal significance of a project applicant receiving a 'Notice of Determination' (NOD) that is stamped and posted by the county clerk?",It triggers a short 30-day statute of limitations for legal challenges against the CEQA approval,It automatically issues the building permit,It exempts the architect from liability for environmental omissions,It certifies the project under the National Environmental Policy Act,1,Filing and posting an NOD (following EIR or Neg Dec approval) reduces the statute of limitations to file a court challenge under CEQA from 180 days down to 30 days.
Gemini-generated-q119,Gemini-generated,area4,119,"Under CBC Chapter 11B Section 11B-404.2.4.1, what is the minimum maneuvering clearance required on the pull side of a front-approach manual swinging exterior door?",60 inches perpendicular to the doorway and 24 inches clearance beyond the strike jamb,60 inches perpendicular to the doorway and 18 inches clearance beyond the strike jamb,48 inches perpendicular to the doorway and 12 inches clearance beyond the strike jamb,48 inches perpendicular to the doorway and 0 inches clearance beyond the strike jamb,1,"Under CBC Table 11B-404.2.4.1, the base pull-side latch clearance for a front approach is 18 inches. However, Footnote 5 explicitly states: 'Add 6 inches (152 mm) at exterior side of exterior doors.' Therefore, an exterior door on the pull side requires 24 inches (18 + 6) of strike-edge clearance with a 60-inch perpendicular depth."
Gemini-generated-q120,Gemini-generated,area4,120,"Under CALGreen Section 5.106.5.3, what is required for non-residential new construction projects with respect to Electric Vehicle (EV) infrastructure?","Providing EV spaces equipped with raceways, panel capacity, and designated EV Charging Stations (EVCS) calculated as a percentage of total parking spaces",Only providing conduits for parking lots with more than 500 parking stalls,Installing commercial Level 3 DC fast chargers at every employee parking space,Commercial facilities are exempt if connected to public transit,1,"CALGreen non-residential standards mandate calculated percentages of total parking stalls to be EV Capable (raceways and panel space), EV Ready (circuits installed), and operational EVCS."
Gemini-generated-q121,Gemini-generated,area5,121,"Under California Civil Code § 8814, within how many days after an owner releases retainage to a prime contractor must the prime contractor pay retainage to their subcontractors?","7 days, subject to a 2% per month penalty for wrongful withholding",10 days with no penalty,30 days per standard AIA A201 terms,At the expiration of the 90-day lien window,1,"California prompt payment statutes (Civil Code § 8814) require direct contractors to disburse retention to subcontractors within 7 days of receiving funds from the owner, or face a 2% monthly penalty plus attorney fees."
Gemini-generated-q122,Gemini-generated,area5,122,What is the primary difference under California law between a patent construction defect and a latent construction defect?,Patent defects are apparent by reasonable inspection (4-year statute of limitation); latent defects are hidden/subsurface (10-year statute of repose),Patent defects involve structural systems; latent defects involve finish work,Patent defects can only be filed by original owners; latent defects can be filed by any subsequent buyer,Patent defects are governed by CEQA; latent defects are governed by the Field Act,1,"Under CCP § 337.1 and § 337.15, patent defects are visible or discoverable by reasonable inspection (4-year limit), whereas latent defects are deficiencies not readily observable upon inspection (10-year statute of repose from substantial completion)."
Gemini-generated-q123,Gemini-generated,area1,123,"Under California Business and Professions Code § 5536.22 (Architects Practice Act), which of the following is NOT an explicit statutory requirement for an architect's written agreement for professional services?",Description of services to be provided,Method of payment and compensation terms,Provision for professional liability insurance limits,Procedure that the architect and client will use to accommodate additional services,3,"B&P Code § 5536.22 requires scope of work, compensation method, client/architect info, and additional services procedures. It does NOT legally require professional liability insurance to be provided or stated."
Gemini-generated-q124,Gemini-generated,area2,124,"Under the California Environmental Quality Act (CEQA), if an Initial Study shows that a proposed project may have significant environmental impacts, but the applicant agrees to design revisions that eliminate or reduce them below significant levels, what document should the lead agency prepare?",Notice of Exemption (NOE),Mitigated Negative Declaration (MND),Full Environmental Impact Report (EIR),Statement of Overriding Considerations,2,"When revisions made in the project plans before public review mitigate significant effects to a point where clearly no significant effects occur, a Mitigated Negative Declaration (MND) is issued per CEQA Guidelines § 15070."
Gemini-generated-q125,Gemini-generated,area2,125,"Under the California Coastal Act, an architect is designing a project within the Coastal Zone where a Local Coastal Program (LCP) has been fully certified by the California Coastal Commission. Who is the primary permit-issuing authority for the Coastal Development Permit (CDP)?",The California Coastal Commission,The local city or county government with jurisdiction,The California Department of Fish and Wildlife,The Regional Water Quality Control Board,2,"Once an LCP has been fully certified by the Coastal Commission, the authority to issue Coastal Development Permits delegates to the local government (PRC § 30519), subject to appeals on specific coastal segments."
Gemini-generated-q126,Gemini-generated,area4,126,"Under CBC Chapter 11B Section 11B-202.4 (Path of Travel Requirements), when an alteration to an existing building has an adjusted construction cost exceeding the annual valuation threshold, how much must the applicant spend on path of travel improvements if not fully compliant?",10% of the total adjusted construction cost,20% of the total adjusted construction cost,Up to the full valuation threshold amount,"Path of travel improvements are exempt if under $500,000",2,"If the construction cost exceeds the valuation threshold, an unreasonable hardship exemption is not available, but if an alteration is compliant up to 20% of the adjusted construction cost, additional path of travel upgrades are not required beyond that 20% cap."
Gemini-generated-q127,Gemini-generated,area4,127,"According to CALGreen (Title 24 Part 11) mandatory provisions for non-residential new construction, what minimum percentage of nonhazardous construction and demolition (C&D) debris must be diverted from landfills?",50%,65%,75%,100%,2,CALGreen Section 5.408.1 mandates recycling and/or salvaging for reuse a minimum of 65% of nonhazardous construction and demolition waste.
Gemini-generated-q128,Gemini-generated,area2,128,Which California state agency has exclusive plan review and construction inspection authority over structural safety and accessibility for public K-12 schools and community colleges under the Field Act?,Department of Housing and Community Development (HCD),Department of Health Care Access and Information (HCAI),Division of the State Architect (DSA),California Architects Board (CAB),3,The Division of the State Architect (DSA) enforces the Field Act for structural safety and Title 24 accessibility for California K-12 public schools and community colleges.
Gemini-generated-q129,Gemini-generated,area5,129,"Under California Civil Code, within how many days after an owner records a valid 'Notice of Completion' must a prime contractor file a Mechanic's Lien?",30 days,60 days,90 days,120 days,2,"Per California Civil Code § 8412, when a valid Notice of Completion or Notice of Cessation is recorded, the direct (prime) contractor has 60 days to record a mechanic's lien (subcontractors have 30 days per § 8414). Without a notice, all parties have 90 days."
Gemini-generated-q130,Gemini-generated,area1,130,"Under the California Architects Practice Act, which of the following is an architect permitted to seal/stamp?",Plans prepared by a licensed general contractor for design-build,Drawings prepared under the architect's immediate and responsible control,Drawings prepared by an unlicensed draftsperson without architect supervision,Documents prepared by an out-of-state architect who is not licensed in California,2,B&P Code § 5536.1 and Title 16 CCR § 151 require that architects only sign and stamp plans prepared under their direct 'responsible control'.
Gemini-generated-q131,Gemini-generated,area1,131,"Under California Business and Professions Code Section 5536.22, which of the following project delivery scenarios is explicitly exempt from the requirement for a written agreement between the architect and client?",A pro bono design commission executed for a registered 501(c)(3) nonprofit entity,Professional services rendered when the client will pay no compensation to the architect,Work performed under a master services agreement where fees do not exceed five thousand dollars,An addition to an existing single-family residence where the owner acts as owner-builder,2,"Pursuant to B&P Code § 5536.22(b)(3), a written agreement is not required when the client will not pay compensation for the architect's professional services. Non-profit status, fee caps under master agreements, and single-family owner-builder projects do not exempt an architect from the written contract mandate."
Gemini-generated-q132,Gemini-generated,area1,132,"An architect licensed in California is designing a mixed-use residential project. Under Business and Professions Code Section 5536.22, which specific administrative item must appear within the body of the written client agreement?",A mandatory provision outlining binding arbitration through the American Arbitration Association,A statement that architects are licensed and regulated by the California Architects Board including board contact info,A statutory waiver of liability limiting consequential damages to the architect's total collected professional fee,A designated schedule of values listing anticipated payments to engineering subconsultants,2,"B&P Code § 5536.22(a)(8) explicitly mandates that the written agreement contain a statement that architects are licensed and regulated by the California Architects Board, including the board's official contact information."
Gemini-generated-q133,Gemini-generated,area1,133,"A California architectural corporation is organized pursuant to the Moscone-Knox Professional Corporation Act. According to Business and Professions Code Section 5610.3, what is the statutory requirement regarding non-architect ownership?","All officers, directors, and voting shareholders must hold a current California architectural license",Up to forty-nine percent of capital stock and voting power may be held by non-licensed employees of the firm,Non-licensed individuals may hold shares provided an architect holds at least seventy-five percent ownership,Licensed allied professionals such as civil engineers may hold shares provided architects maintain majority control,4,"Under Moscone-Knox and B&P Code § 5610.3, designated licensed professionals (such as registered civil, electrical, or mechanical engineers, and landscape architects) may hold shares, provided licensed architects hold at least 51 percent of capital stock and voting control."
Gemini-generated-q134,Gemini-generated,area1,134,"Under Business and Professions Code Section 5588, within how many days must an architect report a civil action settlement or judgment against the licensee to the California Architects Board, and at what monetary threshold?","Within 60 days for any settlement or arbitration award concerning property damage exceeding $2,500","Within 30 days of receiving written notice if the settlement or judgment for negligence exceeds $5,000",Within 45 days of final judgment for any monetary judgment resulting in firm insolvency,Within 15 days if a claim results in formal cancellation of the architect's professional liability policy,2,"B&P Code § 5588 requires every architect to report in writing to the Board within 30 days of receiving written notice of any settlement, arbitration award, or judgment exceeding $5,000 for fraud, deceit, recklessness, or negligence in practice."
Gemini-generated-q135,Gemini-generated,area1,135,"An unlicensed interior designer drafts construction drawings for a single-family dwelling. Under the California Architects Practice Act (B&P Code Section 5537), when is a non-licensed individual legally permitted to prepare such plans?",When the residence is of conventional woodframe construction not more than two stories and basement in height,When the project cost does not exceed two hundred and fifty thousand dollars exclusive of site work,When an architect or engineer reviews and signs the permit application without stamping the drawings,When the local building department has adopted an administrative ordinance waiving professional seal rules,1,"B&P Code § 5537 allows unlicensed individuals to design single-family dwellings of conventional woodframe construction not more than two stories and basement in height, provided they do not involve non-standard structural elements spanning wide distances."
Gemini-generated-q136,Gemini-generated,area1,136,"An architect enters into an oral agreement with a commercial client on Monday, commences programmatic feasibility studies immediately, and mails the written contract for signature 45 days later. How does this impact the architect's standing?",The architect has fully complied provided the client executes the agreement prior to schematic plan check,The architect has violated B&P Code Section 5536.22 by failing to execute the written contract prior to commencing work,The architect is protected by equitable estoppel if the client acknowledges the scope via documented email,The contract remains legally sound because preliminary programming does not constitute professional architectural services,2,"Under B&P Code § 5536.22, the architect must execute a written contract with the client prior to commencing work, unless an emergency or immediate start exception applies. Commencing preliminary work without a signed agreement violates the statute."
Gemini-generated-q137,Gemini-generated,area1,137,A client requests that an architect provide construction administration services on a commercial office building designed and stamped by a prior architect who is now deceased. What must the new architect do to legally assume responsible control?,Sign and apply their stamp over the prior architect's title block with a notation of administrative assumption,"Perform an independent review and verify calculations, drawings, and specifications before re-stamping the instruments",Obtain written authorization from the deceased architect's legal estate releasing professional liability,Submit an administrative variance request to the local enforcement agency under California Title 24 Part 1,2,"Under California Code of Regulations (CCR) Title 16 § 151, an architect may only stamp work if prepared by the architect or under their responsible control. To adopt another professional's work, the successor architect must perform a thorough, independent investigation and redesign or verify all calculations to establish full responsible control."
Gemini-generated-q138,Gemini-generated,area1,138,"Under California Business and Professions Code Section 5536, what action constitutes a misdemeanor offense concerning the architectural profession?",Using the title architectural designer without being actively registered with the California Architects Board,Failing to carry professional liability insurance while providing interior space planning services,Billing professional architectural fees on a percentage of construction cost delivery model,Retaining engineering subconsultants without executing written sub-agreements prior to invoicing,1,"B&P Code § 5536 makes it a misdemeanor for any person who is not licensed by the Board to use the title 'architect', 'architecture', or 'architectural' (including 'architectural designer') to solicit or advertise professional design services."
Gemini-generated-q139,Gemini-generated,area1,139,"According to California Business and Professions Code Section 5600.05, which continuing education mandate must an architect complete as a condition of bi-annual license renewal?",Ten hours of coursework covering California Environmental Quality Act updates and public hearing procedures,Five hours of coursework in disability access requirements and five hours in zero net carbon design,Eight hours of structural earthquake engineering compliant with Division of the State Architect guidelines,"Twelve hours of business ethics, lien law, and public contracting statutory compliance",2,B&P Code § 5600.05 mandates that architects complete 5 hours of continuing education on disability access requirements (Title 24 Chapter 11B/ADA) and 5 hours on Zero Net Carbon (ZNC) design as a condition of biennial license renewal.
Gemini-generated-q140,Gemini-generated,area1,140,"When establishing responsible control under California Code of Regulations Title 16 Section 151, which factor is legally required of the supervising architect?",Full financial ownership and majority control over the firm providing the architectural services,"Continuous, uninterrupted physical presence at the job site during construction phase operations","Direct oversight, direction, and technical control over the preparation of all instruments of service","Direct supervisory control over the general contractor's construction means, methods, and sequences",3,CCR Title 16 § 151 defines 'responsible control' as the amount of control over and detailed professional knowledge of the content of technical submissions during their preparation as is ordinarily exercised by a registered architect applying the required professional standard of care.
Gemini-generated-q141,Gemini-generated,area1,141,"In California, which business entity format requires registration through both the California Secretary of State and the California Architects Board before practicing architecture?",Sole Proprietorship,Limited Liability Partnership (LLP),General Partnership,Professional Architectural Corporation,4,"A Professional Architectural Corporation must comply with the Moscone-Knox Professional Corporation Act and the California Architects Practice Act (B&P Code § 5610), including filing corporate articles and maintaining board compliance records."
Gemini-generated-q142,Gemini-generated,area1,142,An architect prepares schematic designs for a client who fails to make agreed progress payments. The architect terminates the agreement. The client hires a draftsperson to trace the architect's uncompleted drawings. What primary protection does the architect have under California law?,Automatic statutory mechanics lien rights on the client's commercial bank accounts,Common law and federal copyright ownership over instruments of service unless contractually transferred,Immediate administrative revocation of the project's building permit by the California Architects Board,Criminal trespass citations issued against the draftsperson by the local enforcement agency,2,"Architectural drawings and instruments of service are protected under federal copyright law and common law. Unless explicit copyright transfer or non-revocable licenses are contractually conveyed, unauthorized derivative use by the client or others constitutes infringement."
Gemini-generated-q143,Gemini-generated,area1,143,"Under California Business and Professions Code Section 5536.1, which element must appear on all architectural plans, specifications, and instruments of service released for permit?",The architect's federal employer identification number and commercial general liability policy number,"The architect's stamp with signature, license number, renewal date, and the project name/site address",The official state seal of California along with the local building department intake tracking code,A formal statutory disclaimer denying liability for any latent construction defects discovered post-occupancy,2,"B&P Code § 5536.1 mandates that all plans and specifications bear the architect's stamp, which includes the license number, licensee's name, license expiration date, state designation, and the architect's signature."
Gemini-generated-q144,Gemini-generated,area1,144,Which scenario is exempt from the provisions of the California Architects Practice Act under Business and Professions Code Section 5537.2?,A licensed interior designer preparing structural retrofit plans for a multi-family condominium building,A corporate officer executing non-residential interior alterations under ten thousand dollars total value,A contractor preparing shop drawings or technical installation submittals pursuant to an executed construction contract,A mechanical contractor stamping architectural path-of-travel plans for an commercial office warehouse,3,"B&P Code § 5537.2 exempts licensed contractors from the Architects Practice Act when preparing shop drawings, erection drawings, or installation submittals for work they have contracted to perform."
Gemini-generated-q145,Gemini-generated,area1,145,"An owner demands that an architect omit a specific egress corridor requirement to reduce construction costs, asserting they will assume full legal responsibility. How must the architect respond under professional standard of care?",Execute an indemnification agreement transferring all life-safety liability exclusively to the owner,Refuse to omit the code requirement and decline to seal drawings that violate building standards,Submit the non-conforming drawings accompanied by a formal owner waiver letter to the building department,Request an expedited administrative variance from the California Architects Board,2,"An architect cannot compromise life-safety minimums mandated by the California Building Code, even with an owner indemnification. Stamping non-compliant drawings constitutes willful negligence and gross incompetence under B&P Code § 5584."
Gemini-generated-q146,Gemini-generated,area2,146,"Under the California Environmental Quality Act (CEQA), what is the definitive consequence of filing and posting a Notice of Determination (NOD) with the county clerk?",It immediately transfers environmental review jurisdiction from the local lead agency to the State Clearinghouse,It shortens the statutory period for filing a legal challenge against the project approval from 180 days to 30 days,It renders the underlying project categorically exempt from all future California Coastal Commission appeals,It forces the lead agency to prepare a Supplemental Environmental Impact Report prior to permit release,2,"Under CEQA (PRC § 21167 and 14 CCR § 15094), posting a valid Notice of Determination (NOD) truncates the statute of limitations for filing legal challenges to 30 days; without an NOD posting, the window remains open for 180 days."
Gemini-generated-q147,Gemini-generated,area2,147,A proposed multi-family project qualifies under CEQA Guidelines for a Class 32 Categorical Exemption (In-Fill Development). Which circumstance strictly disqualifies the project from utilizing this exemption?,The site has an overall gross area between two and four acres within urban boundaries,The project requires a conditional use permit or minor variance for maximum building height,"The project would result in significant adverse effects on traffic, noise, air quality, or water quality",The project is located within three hundred feet of an existing single-family residential zone,3,"Under CEQA Guidelines § 15300.2 (Exceptions), categorical exemptions cannot be utilized if the project has the potential to cause significant adverse environmental impacts (including traffic, noise, or water) or where unusual circumstances produce a significant effect."
Gemini-generated-q148,Gemini-generated,area2,148,"Under the California Coastal Act (Public Resources Code Section 30000+), what occurs once the Coastal Commission fully certifies a local jurisdiction's Local Coastal Program (LCP)?",Coastal development permit review authority for non-original jurisdiction areas transfers to the local government,The California Coastal Commission forfeits all appellate jurisdiction over projects within the coastal zone,All residential construction within one thousand yards of the shoreline becomes categorically exempt,The local government acquires the authority to grant permanent variances to statewide coastal access mandates,1,"When an LCP is certified by the California Coastal Commission, development review authority in coastal zone areas transfers to the local government, though the Commission retains appellate authority over specific shoreline and water-adjacent zones."
Gemini-generated-q149,Gemini-generated,area2,149,"Under CEQA Guidelines, which document must a Lead Agency prepare when an Initial Study indicates a project may produce significant environmental effects, but revisions agreed to by the applicant eliminate or mitigate those effects to an insignificant level?",Environmental Impact Report (EIR),Notice of Exemption (NOE),Mitigated Negative Declaration (MND),Program Environmental Assessment (PEA),3,"Under CEQA Guidelines § 15070, a Mitigated Negative Declaration (MND) is prepared when the Initial Study identifies potentially significant effects, but project revisions or agreed mitigation measures mitigate the impacts to below a level of significance."
Gemini-generated-q150,Gemini-generated,area2,150,"According to the Alquist-Priolo Earthquake Fault Zoning Act (Public Resources Code Section 2621+), what is the default statutory setback distance required for a structure intended for human occupancy from an active fault trace?",25 feet unless a site-specific geotechnical study proves a lesser distance is completely stable,50 feet unless an extensive subsurface geologic investigation establishes that no fault rupture hazard exists,100 feet for commercial properties and 50 feet for single-family residential properties,75 feet measured perpendicular to the documented fault scarp line,2,"Under 14 CCR § 3603 (Alquist-Priolo Regulations), structures for human occupancy must be set back at least 50 feet from active fault traces, unless detailed geologic investigations justify a lesser setback approved by the State Geologist."
Gemini-generated-q151,Gemini-generated,area2,151,"In the coastal zone of California, an architect is designing a hotel expansion located between the sea and the first public road paralleling the sea. Following local approval under a certified LCP, what is the status of Coastal Commission oversight?",The project is exempt from Coastal Commission review because the certified LCP grants final local determination,The local approval is directly appealable to the California Coastal Commission by any aggrieved party or two commissioners,The project must be submitted to the State Office of Historic Preservation rather than the Coastal Commission,The project requires automatic re-initiation of a full CEQA Environmental Impact Report at the state level,2,"Under PRC § 30603(a)(1), developments located between the sea and the first public road paralleling the sea remain subject to the appellate jurisdiction of the California Coastal Commission, regardless of local LCP certification."
Gemini-generated-q152,Gemini-generated,area2,152,A client proposes to build a new outpatient surgical center. Which state agency retains statutory jurisdiction to conduct plan check and issue building permits under the California Health and Safety Code?,The Division of the State Architect - Access Compliance (DSA-AC),Department of Health Care Access and Information (HCAI) under HCAI Level 1 standards,Local City or County Building Department under standard California Building Code regulations,California Department of Public Health (CDPH) in direct coordination with Cal/OSHA,3,"Under the Alfred E. Alquist Hospital Facilities Seismic Safety Act and HCAI regulations, licensed outpatient surgical clinics (HCAI 3) are reviewed, permitted, and inspected by the local city/county building department, while general acute-care hospitals fall under HCAI 1 state jurisdiction."
Gemini-generated-q153,Gemini-generated,area2,153,"Under the California Environmental Quality Act, what constitutes a Lead Agency?",The state regulatory body with ultimate appellate jurisdiction over the geographical basin,The public agency that has the principal responsibility for carrying out or approving a project,The architectural firm under contract responsible for preparing environmental technical studies,The local county clerk responsible for stamping and recording Notices of Determination,2,CEQA Guidelines § 15367 defines the Lead Agency as the public agency that has the principal responsibility for carrying out or approving a project which may have a significant effect upon the environment.
Gemini-generated-q154,Gemini-generated,area2,154,A developer wishes to construct a mixed-use retail structure on a parcel that borders a natural creek. The project involves altering the bank and installing a reinforced concrete outfall headwall. Which state agency approval must be secured?,A Lake and Streambed Alteration Agreement under Fish and Game Code Section 1602 from the CDFW,An emergency structural encroachment permit from the Division of the State Architect,A programmatic environmental waiver from the California Air Resources Board (CARB),A hazardous water diversion authorization from the California Department of Forestry and Fire Protection,1,"Under California Fish and Game Code § 1602, any entity that proposes to substantially divert, obstruct, or change the natural flow or bed, channel, or bank of any river, stream, or lake must enter into an agreement with the California Department of Fish and Wildlife (CDFW)."
Gemini-generated-q155,Gemini-generated,area2,155,"When a project involves grading, paving, or constructing storm drain discharge systems that disturb one acre or more of total soil surface in California, which regulatory mandate applies?",Filing a Notice of Intent for coverage under the State Water Board's Construction General Permit and implementing a SWPPP,Obtaining an emergency water extraction permit from the California Department of Water Resources,Submitting non-point source run-off calculations directly to the Environmental Protection Agency Region 9,Securing a Class 4 Categorical Exemption from the local municipal planning commission,1,"Under California's National Pollutant Discharge Elimination System (NPDES) Construction General Permit, projects disturbing one acre or more of soil must file a Notice of Intent (NOI) via the SMARTS system and develop a Stormwater Pollution Prevention Plan (SWPPP) overseen by the Regional Water Quality Control Board."
Gemini-generated-q156,Gemini-generated,area2,156,Which situation allows a proposed project in California to bypass the CEQA process entirely without preparing an Initial Study?,The project qualifies as a Statutory Exemption enacted explicitly by the California State Legislature,The project developer pays a fee in lieu of performing mandatory environmental traffic studies,The surrounding neighborhood passes a municipal ballot initiative in favor of commercial expansion,The local city council designates the development as a prioritized economic revitalization zone,1,"Statutory Exemptions are projects specifically excused from CEQA review by the Legislature regardless of potential environmental impact (e.g., specific ministerial actions, mass transit priority projects, emergency repairs), unlike Categorical Exemptions which have exception clauses."
Gemini-generated-q157,Gemini-generated,area2,157,"Under California Government Code Section 65302, every city and county in California must adopt a comprehensive General Plan containing which mandatory elements?","Land Use, Circulation, Housing, Conservation, Open Space, Noise, and Safety","Commercial, Industrial, Institutional, Seismic, Architectural, and Historic Preservation","Zoning, Setbacks, Parking Capacity, Energy Efficiency, Fire Suppression, and Drainage","Structural, Mechanical, Electrical, Accessibility, Sustainability, and Demographics",1,"California Government Code § 65302 mandates that every local General Plan include seven core elements: Land Use, Circulation, Housing, Conservation, Open Space, Noise, and Safety (with Environmental Justice as an additional requirement for disadvantaged communities)."
Gemini-generated-q158,Gemini-generated,area2,158,"An architect is submitting plans for a new public high school classroom wing. Which entity holds sole statutory jurisdiction for plan review and approval of structural safety, accessibility, and fire/life safety?",The local City or County Building and Safety Department in coordination with CalFire,The Division of the State Architect (DSA) pursuant to the Field Act and Title 24 regulations,The California Department of Education Facilities Planning Division and Local Fire Marshal,The State Fire Marshal independently reviewing drawings forwarded by the school district board,2,"Under the Field Act (California Education Code § 17280+) and Title 24 Part 1, the Division of the State Architect (DSA) has statutory authority over structural safety, accessibility, and fire/life safety (in consultation with the SFM) for California public K-12 schools and community colleges."
Gemini-generated-q159,Gemini-generated,area2,159,"Under the California Coastal Act, how is development broadly defined?",Only the erection of permanent structures requiring a concrete slab foundation,"Placement of structures, discharge of waste, grading, dredging, and changes in the density or intensity of land use",Any interior remodel exceeding fifty thousand dollars in total valuation within five miles of the coast,The installation of modular public utilities performed by municipal public works authorities,2,"Public Resources Code § 30106 defines development very broadly to include the placement or erection of any solid material or structure; discharge of dredged material; grading, removing, dredging, or extraction; and any change in the density or intensity of the use of land or water."
Gemini-generated-q160,Gemini-generated,area2,160,"In schematic design for a project within the jurisdiction of the San Francisco Bay Conservation and Development Commission (BCDC), what is the geographic boundary of BCDC's shoreline band jurisdiction?",50 feet inland from the highest recorded storm surge waterline,100 feet inland from the line of highest tidal action around San Francisco Bay,"1,000 feet inland from the mean high tide elevation established by the state lands commission",500 feet inland from the designated edge of tidal salt marsh vegetation,2,"Under the McAteer-Petris Act (Gov. Code § 66610), BCDC regulates San Francisco Bay waters, saltponds, managed wetlands, and a 100-foot shoreline band inland from the line of highest tidal action."
Gemini-generated-q161,Gemini-generated,area2,161,Which condition triggers an architect to submit plans to the California State Fire Marshal (SFM) rather than a local municipal fire authority?,Any project constructed within five hundred feet of a state-designated highway,"State-owned, state-leased, or state-occupied buildings, and licensed health care facilities or state institutions",Any multi-family residential building exceeding four stories in total structural height,Commercial retail shell structures with floor areas exceeding twenty thousand square feet,2,"The Office of the State Fire Marshal (SFM) retains direct statutory enforcement and plan review jurisdiction over state-owned and state-occupied buildings, public universities, correctional institutions, and specified state-licensed residential/health occupancies."
Gemini-generated-q162,Gemini-generated,area2,162,"A property owner wants to build a commercial warehouse. The zoning designation requires a 30-foot front yard setback, but physical site conditions (a steep granite bluff) make placement impossible unless a 15-foot setback is permitted. What variance must be requested?",A Use Variance to allow an alternate commercial function within the residential setback,A Hardship Rezone to reclassify the parcel as an unrestrained commercial transport hub,An Area or Development Standard Variance based on unique physical parcel constraints,A CEQA Statutory Exemption allowing relief from municipal zoning development standards,3,"A variance from dimensional or development standards (setbacks, height, lot coverage) is granted when physical disparities of the site (topography, exceptional narrowness, or shape) deprive the property of privileges enjoyed by neighboring parcels in the same zone."
Gemini-generated-q163,Gemini-generated,area2,163,"Under the California Public Records Act (CPRA), what is the status of architectural drawings submitted to a local building department during the permitting process?",They are trade secrets completely exempt from public inspection or photocopying by third parties,"They are open for inspection on-site, but copying is restricted without written architect/owner consent",They become public domain and can be copied or duplicated by any citizen without statutory limitation,They may be inspected and copied freely after payment of an administrative processing surcharge,2,"Under Health and Safety Code § 19850–19853 and the CPRA, building plans are public records open for inspection on agency premises, but cannot be photocopied or duplicated without the written permission of the certified design professional and property owner."
Gemini-generated-q164,Gemini-generated,area3,164,"Under the Essential Services Buildings Seismic Safety Act of 1986 (California Health and Safety Code Section 16000+), which facility must be designed and constructed to resist earthquakes to remain operational post-disaster?",A central county emergency dispatch communication center and municipal fire station,A regional community outpatient blood transfusion and physical therapy clinic,A 500-student public elementary school administration and cafeteria facility,A private four-story telecommunications office building housing cellular call centers,1,"Under H&SC § 16007, essential services buildings are those used or designed to be used as a fire station, police station, emergency operations center, California Highway Patrol office, sheriff's office, or emergency communications center."
Gemini-generated-q165,Gemini-generated,area3,165,"Under California Building Code Chapter 7A, which provision applies to exterior wall cladding on a building situated in a designated Very High Fire Hazard Severity Zone (VHFHSZ)?",Cladding must be constructed of noncombustible materials or ignition-resistant materials meeting SFM standards,Cladding may consist of untreated wood siding provided the interior wall contains automated sprinkler coverage,Vinyl siding without backing is acceptable if approved by the local municipal building official,Cladding must maintain a four-hour fire resistance rating tested in accordance with ASTM E119,1,"CBC Chapter 7A mandates that exterior wall coverings in a VHFHSZ comply with SFM Standard 12-7A-1 or consist of noncombustible materials, ignition-resistant materials, or fire-retardant-treated wood assemblies approved for exterior use."
Gemini-generated-q166,Gemini-generated,area3,166,"In California Title 24 Part 6 (Energy Code), what is the definition of the Time Dependent Valuation (TDV) methodology?",The depreciation of HVAC mechanical equipment over a thirty-year building life cycle assessment,"The metric calculating the value of energy saved based on timing, fuel source, and grid impact throughout the year",The monetary cost-benefit ratio required when installing commercial rooftop photovoltaic solar arrays,The financial penalty assessed by the California Energy Commission on buildings exceeding kilowatt caps,2,"TDV is the metric used in Title 24 Part 6 compliance that weights energy consumption based on when the energy is consumed (time of day, day of week, season), accounting for societal cost, grid stress, and source energy valuation."
Gemini-generated-q167,Gemini-generated,area3,167,"An architect is detailing nonstructural suspended ceiling systems in Seismic Design Category E. Under ASCE 7 and California amendments in Title 24 Part 2, what seismic restraint detailing is required?",Rigid structural welding of all main ceiling runners directly to perimeter wall stud track assemblies,Installation of rigid four-way splay wire bracing and rigid vertical compression struts at prescribed spacing,Complete reliance on flexible heavy-gauge wire ties spaced every twelve inches along main runners,Installation of rubber isolation pads between every acoustical tile and supporting light-gauge cross-tees,2,"For ceilings in high seismic categories (SDC D, E, and F), ceiling systems must have seismic splay wires (four-way wire bracing) coupled with rigid vertical compression struts (post or conduit) to prevent vertical uplift and lateral sway."
Gemini-generated-q168,Gemini-generated,area3,168,"According to the California Model Water Efficient Landscape Ordinance (MWELO), which metric establishes the upper limit of annual water consumption allocated to a project's landscaped area?",Estimated Total Water Use (ETWU),Maximum Applied Water Allowance (MAWA),Baseline Landscape Evapotranspiration Metric (BLEM),Hydrozone Calculation Coefficient (HCC),2,"Under MWELO (23 CCR § 490+), the Maximum Applied Water Allowance (MAWA) is the calculated upper limit of annual applied water allowed for the established landscape area, while ETWU must not exceed MAWA."
Gemini-generated-q169,Gemini-generated,area3,169,"Under California Title 24 Part 6, which nonresidential space heating/cooling design requires dedicated automated demand-response control equipment?",Any commercial tenant space with over twenty total pneumatic thermal comfort zones,Buildings equipped with central energy management control systems (EMCS) meeting minimum capacity thresholds,All multi-family residential unit air conditioning units regardless of total tonnage,Projects located strictly within California Climate Zones 1 through 4 requiring natural ventilation,2,"Title 24 Part 6 mandates demand-response controls for non-residential buildings with central Energy Management Control Systems (EMCS) or lighting/HVAC loads exceeding specific square footage/tonnage thresholds, enabling automated load shedding during grid events."
Gemini-generated-q170,Gemini-generated,area3,170,"Under the California Seismic Hazards Mapping Act (Public Resources Code Section 2690+), which specific ground failure hazards trigger mandatory geotechnical site investigation prior to project approval?",Surface fault rupture and sudden tectonic subsidence,Liquefaction and earthquake-induced landslides,Subsurface volcanic gas emission and expansive clay heave,Tsunami inundation and structural sinkhole formation,2,The Seismic Hazards Mapping Act focuses on earthquake-induced ground failures other than surface fault rupture (which is covered by Alquist-Priolo)—specifically liquefaction and earthquake-triggered landslides.
Gemini-generated-q171,Gemini-generated,area3,171,"During design development for a public K-12 school in California, which administrative action is legally required regarding geotechnical borings?",Drilling must be witnessed and certified by an official inspector from the local city public works department,Soil investigation reports must be submitted to and reviewed by the California Geological Survey (CGS) via DSA,Geotechnical borings are legally waived if the property sits within five miles of an existing school facility,The structural engineer must submit test reports directly to the California State Architecture Board,2,"Under Title 24 Part 1 and DSA regulations, public school and community college site geotechnical and geologic hazard reports must be submitted to the California Geological Survey (CGS) for formal scientific review prior to DSA approval."
Gemini-generated-q172,Gemini-generated,area3,172,"When coordinating structural and nonstructural MEP penetrations through fire-resistance-rated floor assemblies in California, which provision ensures seismic compliance?",Penetrations must be tightly grouted with non-shrink mortar to maintain a rigid structural bond,Sleeves and firestopping systems must accommodate anticipated differential seismic displacement,Pipes and conduits are completely prohibited from crossing through designated two-hour floor slabs,All piping must be supported exclusively by the wall assembly without structural ceiling hangers,2,"Under CBC Title 24 Part 2 (and ASCE 7 Chapter 13), MEP penetrations through fire barriers and floor slabs must utilize approved through-penetration firestop systems that accommodate anticipated differential seismic motion without failing."
Gemini-generated-q173,Gemini-generated,area4,173,"Under CBC Chapter 11B Section 11B-404.2.4.1, what is the required maneuvering clearance on the pull side of an exterior swinging door with a front approach?",60 inches perpendicular to the doorway and 18 inches clearance beyond the strike jamb,60 inches perpendicular to the doorway and 24 inches clearance beyond the strike jamb,48 inches perpendicular to the doorway and 12 inches clearance beyond the strike jamb,54 inches perpendicular to the doorway and 20 inches clearance beyond the strike jamb,2,"Under CBC Table 11B-404.2.4.1, while standard interior doors require 18 inches at the latch pull side, Footnote 5 explicitly mandates: 'Add 6 inches (152 mm) at exterior side of exterior doors,' yielding 24 inches strike clearance."
Gemini-generated-q174,Gemini-generated,area4,174,"Under CBC Chapter 11B Section 11B-502.2, what are the mandatory stall and access aisle dimensions for a van-accessible parking space in California?",Stall width 96 inches minimum with an adjacent access aisle width of 96 inches minimum,Stall width 132 inches minimum with an adjacent access aisle width of 60 inches minimum,Stall width 108 inches minimum with an adjacent access aisle width of 60 inches minimum,Stall width 120 inches minimum with an adjacent access aisle width of 72 inches minimum,2,CBC Chapter 11B-502.2 establishes that standard van-accessible parking spaces in California must be a minimum of 132 inches (11 feet) wide served by a 60-inch access aisle (or alternatively 108 inches wide with a 96-inch aisle).
Gemini-generated-q175,Gemini-generated,area4,175,"Under California Title 24 Part 11 (CALGreen) Section 5.408, what is the mandatory minimum percentage of nonhazardous construction and demolition debris that must be recycled or salvaged for reuse?",Fifty percent by total volume or weight,Sixty-five percent by total volume or weight,Seventy-five percent by total volume or weight,Eighty percent by total volume or weight,2,"CALGreen (Title 24 Part 11, Section 5.408) requires a minimum of 65 percent of nonhazardous construction and demolition (C&D) waste generated on nonresidential projects to be diverted from landfills through reuse, recycling, or salvage."
Gemini-generated-q176,Gemini-generated,area4,176,"Under CBC Chapter 17, who is legally authorized to prepare the Statement of Special Inspections for submission to the building official prior to permit issuance?",The general contractor registered under California Business and Professions Code Class B,The certified testing laboratory technician retained by the subcontractor,The registered design professional in responsible charge of the building design,The municipal plan checker assigned to perform local code enforcement review,3,"Under CBC Section 1704.3, the registered design professional in responsible charge must prepare the Statement of Special Inspections and submit it to the building official as a condition of permit issuance."
Gemini-generated-q177,Gemini-generated,area4,177,"Under CALGreen mandatory provisions for nonresidential new construction, what infrastructure must be provided for Electric Vehicle Charging Spaces (EVCS)?",Every single parking space must be fully wired with a functional Level 3 DC fast charger,"A calculated percentage of spaces must be provided as EV Capable, EV Ready, and operational EVCS",Only commercial projects with over one thousand parking spaces are required to provide EV conduit,Ten percent of spaces must be reserved with standard 120V household receptacles,2,"CALGreen Section 5.106.5.3 mandates varying tiers of infrastructure: a specific percentage of parking spaces must be designated as EV Capable (raceway/panel capacity), EV Ready (circuit installed), and fully operational EVCS stalls."
Gemini-generated-q178,Gemini-generated,area4,178,"Under the California Health and Safety Code and CBC Chapter 31B, what safety feature is strictly mandated for all commercial public swimming pools?",A continuous timber perimeter fence with self-latching gates opening outward into the pool deck,Anti-entrapment suction outlet covers complying with ASME/ANSI A112.19.8 and secondary anti-vortex devices,Water slide run-out channels with dedicated automated chemical chlorination override systems,Underwater glass viewing observation portals rated for high-impact seismic pressure waves,2,"Under California Health & Safety Code § 116064.2 and CBC Chapter 31B, public pools must have suction outlet covers that prevent entrapment (VGB compliant) and dual main drains or secondary anti-entrapment vacuum release systems."
Gemini-generated-q179,Gemini-generated,area5,179,"Under the California Public Contract Code, what is the mandatory requirement when a public agency solicits competitive bids for the construction of a public works facility?","Contracts must be awarded to the lowest responsible, responsive bidder following public notice",Agencies may negotiate final pricing with the top three architectural-engineering firms,Public bids may remain sealed and confidential for ninety days following contract execution,The public owner must reject any general contractor who does not utilize unionized labor,1,"Under the California Public Contract Code (e.g., PCC § 20111/20128), public works contracts must be awarded to the lowest responsive and responsible bidder following competitive sealed bidding and statutory public advertising."
Gemini-generated-q180,Gemini-generated,area5,180,"Under California Civil Code Section 8200, within how many days of first furnishing labor, service, equipment, or materials must a subcontractor serve a Preliminary Notice to preserve mechanics lien rights?",Within 10 days of signing the subcontract agreement,Not later than 20 days after the claimant has first furnished work on the work of improvement,Within 30 days after the owner records a formal Notice of Completion with the county,Within 60 days following the certified date of substantial completion,2,California Civil Code § 8204 establishes that a preliminary notice must be given not later than 20 days after the claimant has first furnished work on the work of improvement to protect mechanics lien and stop payment notice rights for all prior work.
Gemini-generated-q181,Gemini-generated,area5,181,"Under California Civil Code Section 8414, when the owner records a valid Notice of Completion in the county recorder's office, how are the filing deadlines for mechanics liens shortened?",Direct contractors have 60 days to record a lien; other claimants (subcontractors/suppliers) have 30 days,Direct contractors have 30 days to record a lien; subcontractors have 15 days,All construction claimants have an identical 45 days to record liens against the parcel,The lien recording period is extended from 90 days to a maximum of 120 calendar days,1,"Under Civil Code § 8412 and § 8414, recording a valid Notice of Completion reduces the lien filing window from the standard 90 days to 60 days for direct (prime) contractors, and to 30 days for subcontractors and material suppliers."
Gemini-generated-q182,Gemini-generated,area5,182,"Under California Civil Code Section 8814, within how many days must a direct contractor disburse retention proceeds to its subcontractors after receiving retention payment from the owner?","Within 7 days of receiving the retention payment, subject to a 2% monthly penalty for wrongful withholding",Within 14 days of final building official sign-off on the municipal inspection card,Within 30 calendar days of the architect certifying the final application for payment,Within 10 days of verifying that all subconsultants have dissolved their preliminary notices,1,California Civil Code § 8814 requires a direct contractor to pay subcontractors their share of retention within 7 days of receiving retention funds from the owner. Failure to do so subjects the contractor to a 2% per month penalty.
Gemini-generated-q183,Gemini-generated,area5,183,"Under the California Code of Civil Procedure Section 337.1 and 337.15, what are the respective statutes of limitation for filing actions against an architect for patent defects versus latent defects?",Patent defects: 2 years from discovery; Latent defects: 5 years from final payment certificate,Patent defects: 4 years from substantial completion; Latent defects: 10 years from substantial completion,Patent defects: 1 year from occupancy; Latent defects: 7 years from recording notice of completion,Patent defects: 5 years from discovery; Latent defects: 15 years from occupancy sign-off,2,"Under CCP § 337.1, an action for patent (apparent/discoverable) design or construction defects must be brought within 4 years of substantial completion. Under CCP § 337.15, latent (hidden/concealed) defects have a 10-year statute of repose."
Gemini-generated-q184,Gemini-generated,area5,184,"During construction observation in California, an architect observes that a contractor is installing structural bracing that deviates dangerously from approved drawings. Under standard standard of care, how should the architect respond?",Immediately issue a stop-work order directly to the ironworkers and shut down the job site,"Notify the contractor in writing of nonconforming work, inform the owner, and copy the building official if life-safety is impacted",Instruct the framing sub-foreman on specific corrective shoring techniques to rectify the error,Order structural testing from the laboratory and bill the testing costs directly to the contractor's account,2,"Architects observe work for conformance with contract documents but do not control means, methods, or site safety (which belong exclusively to the contractor). The architect must notify the contractor and owner in writing of non-conforming work without issuing direct stop-work orders (an owner prerogative), notifying the building official if imminent danger exists."
Gemini-generated-q185,Gemini-generated,area5,185,"Under California Civil Code Section 8520, what is the primary purpose and legal effect of serving a Stop Payment Notice on a construction lender?",It forces the county recorder to place a lis pendens on the title deed of the parcel,It creates a mandatory legal duty for the lender to withhold construction loan funds from the owner,It immediately cancels the general contractor's commercial liability insurance binder,It dissolves the owner's statutory right to challenge patent construction defects,2,"A Stop Payment Notice served on a lender (under Civil Code § 8500+) acts as a lien against undisbursed construction loan funds, legally requiring the lender to freeze and withhold funds to cover the claimant's unpaid labor or materials."
Gemini-generated-q186,Gemini-generated,area5,186,"An architect receives a contractor's Application for Payment (AIA G702). The architect identifies that ten thousand dollars of claimed work is uninstalled and nonconforming. Under standard California contract administration, what is the proper action?",Reject the entire billing certificate and return the paperwork without payment processing,"Withhold certification for the $10,000, certify the valid remaining amount, and notify the owner/contractor in writing",Sign the certificate as submitted but write an informal letter to the lender demanding a loan freeze,Approve the certificate under protest and require the general contractor to file an indemnity bond,2,"Under standard contract administration (AIA A201 § 9.4/9.5 as applied in CA), an architect may withhold certification in whole or in part to protect the owner from non-conforming or uncompleted work, while certifying the uncontested balance."
Gemini-generated-q187,Gemini-generated,area5,187,"Under California Public Contract Code Section 3400, what restriction is placed on specifying building materials or products by brand name on public works projects?",Architects must list exactly one approved manufacturer to ensure standardized public procurement,No public bid document may require a specific brand unless followed by 'or equal' and naming at least two brands,Brand names are strictly prohibited; materials may only be described by performance specifications,Public agencies must source all specified materials from vendors headquartered within California,2,"PCC § 3400 prohibits public works specifications from calling out a single brand name unless followed by the words 'or equal' and listing at least two brands of equivalent quality, except under specific narrow standardization exceptions."
Gemini-generated-q188,Gemini-generated,area5,188,"A Certified Access Specialist (CASp) inspects a completed commercial facility in California. Under Civil Code Section 55.54 (SB 1186), what legal protection does a CASp inspection report grant the business owner if sued for an accessibility violation?",Complete civil immunity against paying statutory damages or attorney fees in California state courts,The statutory right to request a 90-day stay of court proceedings and an early mandatory evaluation conference,Automatic dismissal of all claims brought under the federal Americans with Disabilities Act,An automatic twenty-four month grace period to complete all architectural barrier retrofits,2,"Under Civil Code § 55.54, an owner who obtains a CASp inspection report prior to being sued is entitled to apply for a 90-day stay of court proceedings and an early evaluation conference to resolve claims without incurring escalating statutory penalties."
Gemini-generated-q189,Gemini-generated,area5,189,"On a California school modernization project under the jurisdiction of the Field Act, which entity conducts continuous inspection of the construction work on site?",The municipal deputy building inspector retained by the local city council,A DSA-certified project inspector approved by the design professional in charge and DSA,The architect's field representative who must remain continuously on the job site,A third-party testing laboratory representative holding an ICC commercial card,2,"Under Education Code § 17311 and DSA regulations, construction of school facilities must be observed continuously by a DSA-certified Project Inspector (IOR) approved by the architect/engineer of record and DSA."
Gemini-generated-q190,Gemini-generated,area5,190,"Under California Civil Code Section 8122, can an owner or general contractor require a subcontractor to waive their mechanics lien rights in advance of performing construction work?","Yes, advance waivers are enforceable if embedded within standard commercial master agreements","No, any contractual provision purporting to waive lien rights in advance of work performed is void and against public policy","Yes, provided the waiver is accompanied by a five percent contractual bonus paid at project start",Only on private residential projects where the contract valuation is under one million dollars,2,"California Civil Code § 8122 states that any contractual term or oral statement attempting to waive, release, or impair mechanics lien or stop payment notice rights in advance of work performed is contrary to public policy, null, and void."
Gemini-generated-q191,Gemini-generated,area1,191,"Under California Business and Professions Code § 5536.22, if an architect provides professional services on a pro bono basis without monetary compensation, is a written contract legally required?","No, pro bono services rendered without financial compensation are explicitly exempt from the written contract requirement.","Yes, a written contract is required for all architectural services regardless of compensation.","Only if the estimated construction cost exceeds $100,000.",Only if the client is a commercial entity.,1,B&P Code § 5536.22(b)(4) explicitly exempts professional services rendered by an architect for which the client will not pay any compensation from the statutory written contract requirement.
Gemini-generated-q192,Gemini-generated,area1,192,"Under California Business and Professions Code § 5558, within how many days must a licensed architect notify the California Architects Board of any change in their legal name or primary mailing address?",30 days,10 days,14 days,60 days,1,B&P Code § 5558 requires every licensee to notify the board in writing of each change of address or legal name within 30 days of the change.
Gemini-generated-q193,Gemini-generated,area1,193,"Under California Code of Regulations Title 16 § 134, what information must an architect's professional stamp/seal contain in addition to the architect's name and license number?","The term 'Licensed Architect' or 'State of California', the renewal date of the license, and the legend 'State of California'",The architect's business tax registration number and expiration date,The expiration date of the architect's professional liability insurance policy,The county in which the architect maintains their primary office,1,"Title 16 CCR § 134 requires the circular stamp to bear the architect's name, license number, the words 'Licensed Architect', the renewal date of the license, and 'State of California'."
Gemini-generated-q194,Gemini-generated,area1,194,"Under California law governing professional corporations (Moscone-Knox Professional Corporation Act), what percentage of voting stock in an architectural corporation must be owned by licensed design professionals?","100% of voting shares must be owned by licensed persons (architects, civil/structural engineers, or landscape architects) with architects holding more than 50%","At least 51% owned by architects, while the remaining 49% can be owned by unlicensed investors",At least 75% owned by licensed architects exclusively,"Any percentage, provided the designated managing officer is a licensed California architect",1,"Under Corporations Code § 13401.5 and B&P Code § 5610.3, all voting shareholders of an architectural corporation must be licensed professionals, and licensed architects must own at least 51% of the shares."
Gemini-generated-q195,Gemini-generated,area1,195,"Under the California Architects Practice Act, which of the following is considered an act of 'gross negligence' rather than ordinary negligence?",A conscious and voluntary act or omission in reckless disregard of a legal duty and the consequences to life or property,An accidental mathematical typo on a non-structural door hardware schedule,A failure to file progress sets on the exact day agreed upon in the contract,Failure to achieve zero net energy on a Title 24 compliance form,1,"Gross negligence under CAB disciplinary guidelines requires an intentional or reckless disregard for professional duty and client/public safety, exceeding mere carelessness or ordinary error."
Gemini-generated-q196,Gemini-generated,area2,196,"Under CEQA, what is the maximum duration of the public review period for a Draft Environmental Impact Report (EIR) when submitted to the State Clearinghouse?",45 days (extendable to 60 days under unusual circumstances),20 days,30 days,90 days,1,CEQA Guidelines § 15105 mandates a 45-day review period for a Draft EIR when submitted to the State Clearinghouse for state agency review (30 days for Negative Declarations).
Gemini-generated-q197,Gemini-generated,area2,197,"Under CEQA, what is a 'Class 32' Categorical Exemption (CEQA Guidelines § 15332)?",Infill development projects within urbanized city limits that meet specific environmental and density criteria,Construction of small single-family accessory dwelling units,Emergency repairs to publicly maintained roadways,Minor alterations of existing private structures with no expansion,1,Class 32 is the specific categorical exemption for Infill Development projects located within city limits on parcels of no more than five acres surrounded by urban uses.
Gemini-generated-q198,Gemini-generated,area2,198,"Under the California Coastal Act (PRC § 30603), which of the following development approvals by a local government after LCP certification is ALWAYS appealable to the California Coastal Commission?",A development approved between the sea and the first public road paralleling the sea or within 300 feet of the mean high tide line,An interior renovation of a commercial restaurant in an urban downtown zone,A single-family residence located 2 miles inland from the coast outside any wetland or scenic view corridor,"Any project with a construction valuation exceeding $500,000",1,"PRC § 30603 grants the Coastal Commission appellate jurisdiction over local approvals located between the sea and the first public road, within 300 feet of the beach or high tide line, or within 100 feet of any wetland/estuary."
Gemini-generated-q199,Gemini-generated,area2,199,"Under the California Density Bonus Law (Gov. Code § 65915), what is an 'incentive or concession' that a developer can receive from a local city?","A reduction in site development standards such as setbacks, minimum parking stalls, or height restrictions",A direct monetary cash subsidy paid from the city general fund,An automatic waiver of state CEQA environmental review,Exemption from Title 24 Chapter 11B accessibility provisions,1,"Incentives and concessions under Gov. Code § 65915 involve regulatory relief—such as reduced yard setbacks, increased FAR, or modified parking minimums—that reduce construction costs for affordable housing."
Gemini-generated-q200,Gemini-generated,area2,200,"Under California planning law, what is the legal purpose of a 'Specific Plan'?",A systematic implementation tool that bridges the broad policies of the General Plan with detailed zoning and infrastructure regulations for a defined geographic area,A construction document specification book prepared using MasterFormat,A regional environmental pact between California and neighboring states,A seismic retrofit plan submitted to DSA for public buildings,1,Government Code § 65450 defines a Specific Plan as a detailed legal tool for the systematic implementation of the General Plan within a designated planning sub-area or master development.
Gemini-generated-q201,Gemini-generated,area2,201,"Under California Clean Water Act Section 401 regulations, which state agency must issue a Water Quality Certification before the U.S. Army Corps can issue a Section 404 permit?",The applicable Regional Water Quality Control Board (RWQCB),California Department of Public Health,The California Energy Commission,The local municipal flood control district,1,"Under federal Clean Water Act § 401 and California Porter-Cologne Act, applicants requiring a federal Corps 404 permit must first obtain water quality certification from the state RWQCB."
Gemini-generated-q202,Gemini-generated,area2,202,"Under California Government Code § 65583, how frequently must California cities and counties update the 'Housing Element' of their General Plans?",Every 8 years (or every 5 years in certain non-attainment regional transportation cycles),Every 2 years,Every 10 years,Only when population census records double,1,State planning law requires local jurisdictions within regional metropolitan planning organizations (MPOs) to update their Housing Element on an established 8-year cycle.
Gemini-generated-q203,Gemini-generated,area3,203,"Under the California Essential Services Buildings Seismic Safety Act (H&SC § 16000+), which local buildings MUST be designed and constructed to remain operational after a major disaster?","Fire stations, police stations, California Highway Patrol offices, and emergency dispatch communications centers",General acute care hospitals and neighborhood clinics,"Elementary, middle, and high school academic buildings",All privately owned commercial high-rise buildings over 75 feet tall,1,"Health & Safety Code § 16007 limits Essential Services Buildings to facilities providing emergency services directly: fire, police, emergency operations centers, and 911 dispatch centres. Hospitals are regulated separately under OSHPD/HCAI."
Gemini-generated-q204,Gemini-generated,area3,204,"Under the California Energy Code (Title 24 Part 6), what is 'Solar Ready' roof area compliance for newly constructed low-rise residential and non-residential buildings?","Allocating an unobstructed, designated Solar Zone on the roof oriented for future solar photovoltaic or solar thermal installation",Installing fully operational solar panels producing 100% of the building's electrical demand before occupancy,Wiring battery storage banks directly into the utility meter grid,Painting the entire roof membrane with white cool-roof coating,1,"Title 24 Part 6 mandates that new buildings designate a minimum contiguous Solar Zone on the roof that is structurally engineered, unobstructed, and positioned for solar exposure without immediate equipment installation."
Gemini-generated-q205,Gemini-generated,area3,205,"In geotechnical engineering for California hillside projects, what is a 'keyway' in engineered fill slope construction?",A trench excavated into stable underlying bedrock or firm material to anchor and prevent lateral sliding of compacted fill placed on a slope,A drainage opening through a concrete retaining stem wall,A decorative architectural recess along the property property boundary,A seismic joint separating two adjacent structural foundations,1,A keyway (or bench key) is a mandatory geotechnical trench cut into competent native subgrade or bedrock at the toe of a slope to resist shear forces and sliding of the engineered fill mass.
Gemini-generated-q206,Gemini-generated,area3,206,"Under Title 24 Part 6, what documentation is an architect required to provide to verify that exterior lighting does not create light pollution or spill across property lines?","BUG ratings (Backlight, Uplight, and Glare) conforming to California Energy Code Prescriptive Lighting Zones (LZ1-LZ4)",Photometric foot-candle readings taken only after 12:00 midnight,Underwriters Laboratories product cut sheets stamped by a certified arborist,LEED daylight credits documentation,1,"Section 130.2 of the California Energy Code uses the IES BUG (Backlight, Uplight, Glare) rating system to regulate outdoor lighting according to designated municipal outdoor Lighting Zones."
Gemini-generated-q207,Gemini-generated,area3,207,"Under the California Historical Building Code (CHBC, Title 24 Part 8), what unique leeway is provided to qualified historical properties regarding structural seismic retrofit?",Alternative performance-based compliance standards that allow preservation of original historic fabric while providing life-safety protection,Complete exemption from all life-safety and emergency egress codes,Exemption from all local fire alarm or sprinkler retrofits,Mandatory destruction of original timber framing to meet current CBC Title 24 Part 2,1,The CHBC provides alternative technical criteria that prioritize preserving original architectural character and historic materials while providing a reasonable level of occupant life-safety against catastrophic collapse.
Gemini-generated-q208,Gemini-generated,area4,208,"Under CBC Chapter 11B Section 11B-208.2, what is the minimum required number of accessible parking spaces for a parking facility with 100 total vehicle spaces?",4 accessible spaces (at least one of which must be van-accessible),2 accessible spaces,6 accessible spaces (2 of which must be van-accessible),8 accessible spaces,1,"CBC Table 11B-208.2 establishes that a parking lot of 76 to 100 spaces requires exactly 4 accessible parking spaces, with Section 11B-208.2.4 requiring at least one in every six spaces to be van-accessible."
Gemini-generated-q209,Gemini-generated,area4,209,"Under CBC Chapter 11B, what is the maximum allowable cross slope on an accessible pedestrian route or sidewalk?",1:48 (2.083% maximum),1:20 (5.0% maximum),1:12 (8.33% maximum),1:50 (2.00% maximum),1,CBC Section 11B-403.3 specifies that the cross slope of walking surfaces shall not be steeper than 1:48 (approximately 2.083%).
Gemini-generated-q210,Gemini-generated,area4,210,"Under CBC Chapter 11B Section 11B-604.2, what is the required centerline distance of an accessible water closet from the adjacent side wall or partition?",17 inches minimum to 18 inches maximum (or 18 inches exact in ambulatory stalls),15 inches to 19 inches,16 inches maximum,18 inches to 20 inches,1,"CBC 11B-604.2 explicitly mandates that the centerline of an accessible water closet shall be 17 inches minimum to 18 inches maximum from the side wall (in an ambulatory compartment, it must be 17 to 19 inches)."
Gemini-generated-q211,Gemini-generated,area4,211,"Under CBC Chapter 11B Section 11B-705.1, what are the California-specific color and dimensional standards for detectable warning truncated dome surfaces?",Federal yellow (color 33538) across the full width of the curb ramp surface for a minimum depth of 36 inches,Any contrasting dark color for a depth of 24 inches,Dark grey non-skid paint for a depth of 48 inches,Bright red epoxy paint extending 12 inches from the street gutter,1,California mandates truncated domes to be Federal Yellow conforming to FS 595C color No. 33538 and extending 36 inches in the direction of pedestrian travel across the full curb ramp width (exceeding ADA 24-inch guidelines).
Gemini-generated-q212,Gemini-generated,area4,212,"Under CBC Chapter 10 Section 1004.5, what is the designated occupant load factor used to calculate egress width for an un-concentrated commercial assembly space without fixed seats (such as an exhibition hall)?",15 net sq. ft. per person,7 net sq. ft. per person,50 net sq. ft. per person,100 gross sq. ft. per person,1,"CBC Table 1004.5 defines assembly unconcentrated (tables and chairs, exhibits) at 15 net square feet per person (standing/concentrated is 7 net sq. ft.)."
Gemini-generated-q213,Gemini-generated,area4,213,"Under CALGreen (Title 24 Part 11) Section 5.504, what VOC limits are enforced on interior paints, sealants, and carpet systems in non-residential buildings?",Mandatory adherence to South Coast Air Quality Management District (SCAQMD) Rule 1113 and Rule 1168 chemical emission limits,Voluntary guidelines recommended only for LEED-certified commercial projects,Total prohibition of all petroleum-based products,No limits apply unless requested in writing by the owner,1,CALGreen Section 5.504 incorporates California air district thresholds (principally SCAQMD Rules 1113 for coatings and 1168 for adhesives/sealants) as mandatory baseline building code requirements statewide.
Gemini-generated-q214,Gemini-generated,area4,214,"Under CBC Chapter 11B Section 11B-405, what is the maximum allowable rise for any individual ramp run before an intermediate level resting landing is required?","30 inches (at 1:12 maximum slope, yielding 30 feet maximum run length)",36 inches,24 inches,48 inches,1,"CBC 11B-405.6 limits the rise for any single ramp run to 30 inches maximum, requiring a flat 60-inch landing before the next ramp segment can continue."
Gemini-generated-q215,Gemini-generated,area4,215,"Under CBC Chapter 17, which entity is legally responsible for hiring and compensating the independent Special Inspection agency on a permitted construction project?",The project Owner (or the registered design professional acting as agent of the owner),The General Contractor,The subcontractor whose work is being inspected,The city building department plan checker,1,"CBC Section 1704.2 explicitly mandates that the owner or the registered design professional in responsible charge acting as the owner's agent shall employ one or more approved agencies to perform special inspections, never the contractor."
Gemini-generated-q216,Gemini-generated,area5,216,"Under California Civil Code § 8414, within how many days must a subcontractor or material supplier record a Mechanic's Lien after the owner records a valid Notice of Completion?",30 days,60 days,90 days,120 days,1,"Under Civil Code § 8414, subcontractors and suppliers have exactly 30 days to record a mechanic's lien after a Notice of Completion is recorded (prime contractors have 60 days per § 8412)."
Gemini-generated-q217,Gemini-generated,area5,217,"Under California Civil Code § 8480, what legal action can an owner take if a contractor records an invalid mechanic's lien and refuses to release it upon written demand?",File a verified petition for a court order to release the property lien and recover reasonable attorney fees,File an immediate stop work complaint with the California Architects Board,Request the local police department cite the contractor for felony trespass,Withhold 100% of future property tax payments from the county,1,"Civil Code § 8480 provides a specific, expedited judicial mechanism allowing an owner to petition the superior court for an order releasing an expunged or improper lien, with the prevailing party awarded reasonable attorney fees."
Gemini-generated-q218,Gemini-generated,area5,218,"Under California Public Contract Code § 4104 (Subletting and Subcontracting Fair Practices Act), when must a general contractor bidding on a public works project list their subcontractors?","In the submitted bid proposal, listing the name and business location of every subcontractor performing work exceeding 0.5% of the total bid",Within 30 days after the construction contract is awarded,Only at the pre-construction job site meeting,Only after the first progress billing is submitted,1,Public Contract Code § 4104 prevents bid-shopping on public works by requiring primes to list every subcontractor performing work in excess of one-half of one percent (0.5%) of the total bid amount directly on bid day.
Gemini-generated-q219,Gemini-generated,area5,219,"Under California Public Contract Code § 9204, what is the mandatory dispute resolution timeline for claims submitted by a general contractor to a public agency?",The public entity must conduct a reasonable review and provide a written statement within 45 days identifying what portions of the claim are disputed and undisputed,The agency has 120 days to respond without penalty,The claim is automatically denied if not addressed within 10 days,The claim must be immediately transferred to the California Supreme Court,1,"PCC § 9204 establishes uniform claim resolution: the public agency has 45 days upon receipt of a claim to respond in writing, and any undisputed amounts must be processed and paid within 60 days."
Gemini-generated-q220,Gemini-generated,area5,220,"Under AIA Document A201 General Conditions as used in California practice, what occurs if the Architect fails to respond to a Contractor's RFI within the time period specified in the contract documents?",The Contractor may claim additional Contract Time or Contract Sum if the architect's delay critical-path impacts construction schedule or cost,The contract is terminated automatically,The contractor is legally empowered to design the structural connection themselves,The owner is subject to a 10% statutory penalty payable to the state,1,"Under A201 § 4.2.5 and § 8.3, failure of the architect to respond to RFIs within reasonable or stipulated timeframes can be grounds for the contractor to request an extension of Contract Time and compensable delay damages."
